timestamp,station,label,DataBlocksGlobal.dbVar.xPopUp,DataBlocksGlobal.dbOpHourMeter.xResetDaily,DataBlocksGlobal.dbTimeZone.xReq,DataBlocksGlobal.dbTimeZone.xDone,DataBlocksGlobal.dbTimeZone.xBusy,DataBlocksGlobal.dbTimeZone.xError,DataBlocksGlobal.dbTimeZone.xDayLightSavingActive,DataBlocksGlobal.dbAppPar.xAppActivate,DataBlocksGlobal.dbErrorFlags.xEmgOkSignal,DataBlocksGlobal.dbErrorFlags.xResetEmgSignal,Inputs.xG1_BG21,Inputs.xSTU,Inputs.x24VNA,Inputs.xK1_In02,Inputs.xK1_In04,Inputs.xG1_BG22,Inputs.xG1_BG23,Inputs.xG1_BG24,Inputs.xG1_BG25,Inputs.xG1_BG20,Inputs.xK1_In03,Inputs.xK1_In05,Inputs.xG1_BG30,Inputs.xG1_BG31,Inputs.xG1_BG32,Inputs.xG1_BG33,Inputs.xG1_BG34,Inputs.xG1_BG35,Inputs.xU1_BG46,Inputs.xU1_BG47,Inputs.xG1_BG26,Inputs.xG1_BG27,Inputs.xG1_BG36,Inputs.xG1_BG37,Inputs.xU1_BG50,Inputs.xU1_BG51,Inputs.xU1_BG52,Inputs.xU1_BG53,Inputs.xU1_BG54,Inputs.xU1_BG55,Inputs.xU1_BG56,Inputs.xU1_BG57,Memory.xTEST,Memory.xPalErr,Memory.xConnected,Memory.xF10Hz,Memory.xF5Hz,Memory.xF2_5Hz,Memory.xF2Hz,Memory.xF1_25Hz,Memory.xF1Hz,Memory.xF0_625Hz,Memory.xF0_5Hz,Memory.xFirstScan,Memory.xDiagStateUpd,Memory.xTrue,Memory.xFalse,Memory.xProgErr,Memory.xAppPresent,Memory.xEA_Test_active,Outputs.xQA1_A1,Outputs.xQA1_A2,Outputs.xQA1_A3,Outputs.xK1_GF25,Outputs.xK1_MB24,Outputs.xK1_MB23,Outputs.xK1_MB22,Outputs.xK1_MB21,Outputs.xK1_MB20,Outputs.xK1_Out16,Outputs.xQA2_A1,Outputs.xQA2_A2,Outputs.xQA2_A3,Outputs.xQA3_A3,Outputs.xK1_MB30,Outputs.xK1_MB31,Outputs.xK1_MB32,Outputs.xK1_MB33,Outputs.xK1_MB34,Outputs.xK1_MB35,Outputs.xK1_MB40,Outputs.xK1_MB41,Outputs.xU1_MB50,Outputs.xU1_MB51,Outputs.xU1_MB52,Outputs.xU1_MB53,Outputs.xU1_MB54,Outputs.xU1_MB55,Outputs.xU1_MB56,Outputs.xU1_MB57,DataBlocksInstance.dbCalcPosListDint.Inputs.xTrig,DataBlocksInstance.dbCalcPosListDint.Outputs.xDone,DataBlocksInstance.dbCalcPosListDint.Outputs.xError,DataBlocksInstance.dbMes.Inputs.xInit,DataBlocksInstance.dbMes.Inputs.xAuto,DataBlocksInstance.dbMes.Inputs.xManual,DataBlocksInstance.dbMes.Inputs.xBusy,DataBlocksInstance.dbMes.Inputs.xReset,DataBlocksInstance.dbMes.Inputs.xMES,DataBlocksInstance.dbMes.Outputs.xConnected,DataBlocksInstance.dbMes.InOuts.xErrL0,DataBlocksInstance.dbMes.InOuts.xErrL1,DataBlocksInstance.dbMes.InOuts.xErrL2,DataBlocksInstance.dbMes.Static.xStart,DataBlocksInstance.dbMes.Static.xParAv,DataBlocksInstance.dbMes.Static.xError,DataBlocksInstance.dbSetTimeZone.Outputs.DONE,DataBlocksInstance.dbSetTimeZone.Outputs.BUSY,DataBlocksInstance.dbSetTimeZone.Outputs.ERROR,DataBlocksInstance.dbBackupRestoreData.Inputs.xSave,DataBlocksInstance.dbBackupRestoreData.Inputs.xRestore,DataBlocksInstance.dbBackupRestoreData.Static.xSavedOk,DataBlocksInstance.dbBackupRestoreData.Static.xRestoredOk,DataBlocksInstance.dbOpCounter.Inputs.xMan,DataBlocksInstance.dbOpCounter.Inputs.xAuto,DataBlocksInstance.dbOpCounter.Inputs.xResetDaily,DataBlocksInstance.dbOpCounter.Inputs.xAutoBusy,DataBlocksInstance.dbOpCounter.Inputs.xErrFlag,DataBlocksInstance.dbOpCounter.Inputs.xInit,DataBlocksInstance.dbOpCounter.Static.xResetTotal,DataBlocksInstance.ftIoTest.Inputs.CLK,DataBlocksInstance.ftIoTest.Outputs.Q,DataBlocksInstance.ftIoTest.Static.Stat_Bit,DataBlocksInstance.dbTransport.Outputs.xBusy,DataBlocksInstance.dbTransport.Static.xRunDrive,DataBlocksInstance.dbTransport.Static.xOpBelt_0,DataBlocksInstance.dbTransport.Static.xOpBelt_1,DataBlocksInstance.dbTransport.Static.xOpBelt_2,DataBlocksInstance.idbFestoLxStopper1.Inputs.bEnable,DataBlocksInstance.idbFestoLxStopper1.Inputs.bInitPos,DataBlocksInstance.idbFestoLxStopper1.Inputs.bEndPos,DataBlocksInstance.idbFestoLxStopper1.Inputs.bMotionCtrl12,DataBlocksInstance.idbFestoLxStopper1.Inputs.bMotionCtrl14,DataBlocksInstance.idbFestoLxStopper1.Inputs.bAutomaticMode,DataBlocksInstance.idbFestoLxStopper1.Outputs.bEnabled,DataBlocksInstance.idbFestoLxStopper1.Static.Lt_IPosRising,DataBlocksInstance.idbFestoLxStopper1.Static.Lt_IPosFalling,DataBlocksInstance.idbFestoLxStopper1.Static.Lt_EPosRising,DataBlocksInstance.idbFestoLxStopper1.Static.Lt_EPosFalling,DataBlocksInstance.idbFestoLxStopper1.Static.Lt_MCtrl12Rising,DataBlocksInstance.idbFestoLxStopper1.Static.Lt_MCtrl12Falling,DataBlocksInstance.idbFestoLxStopper1.Static.Lt_MCtrl14Rising,DataBlocksInstance.idbFestoLxStopper1.Static.Lt_MCtrl14Falling,DataBlocksInstance.idbFestoLxStopper1.Static.Lt_MCtrl12ON,DataBlocksInstance.idbFestoLxStopper1.Static.Lt_MCtrl14ON,DataBlocksInstance.idbFestoLxStopper1.Static.Lt_MCtrl12ONRising,DataBlocksInstance.idbFestoLxStopper1.Static.Lt_MCtrl12ONFalling,DataBlocksInstance.idbFestoLxStopper1.Static.Lt_MCtrl14ONRising,DataBlocksInstance.idbFestoLxStopper1.Static.Lt_MCtrl14ONFalling,DataBlocksInstance.idbFestoLxStopper2.Inputs.bEnable,DataBlocksInstance.idbFestoLxStopper2.Inputs.bInitPos,DataBlocksInstance.idbFestoLxStopper2.Inputs.bEndPos,DataBlocksInstance.idbFestoLxStopper2.Inputs.bMotionCtrl12,DataBlocksInstance.idbFestoLxStopper2.Inputs.bMotionCtrl14,DataBlocksInstance.idbFestoLxStopper2.Inputs.bAutomaticMode,DataBlocksInstance.idbFestoLxStopper2.Outputs.bEnabled,DataBlocksInstance.idbFestoLxStopper2.Static.Lt_IPosRising,DataBlocksInstance.idbFestoLxStopper2.Static.Lt_IPosFalling,DataBlocksInstance.idbFestoLxStopper2.Static.Lt_EPosRising,DataBlocksInstance.idbFestoLxStopper2.Static.Lt_EPosFalling,DataBlocksInstance.idbFestoLxStopper2.Static.Lt_MCtrl12Rising,DataBlocksInstance.idbFestoLxStopper2.Static.Lt_MCtrl12Falling,DataBlocksInstance.idbFestoLxStopper2.Static.Lt_MCtrl14Rising,DataBlocksInstance.idbFestoLxStopper2.Static.Lt_MCtrl14Falling,DataBlocksInstance.idbFestoLxStopper2.Static.Lt_MCtrl12ON,DataBlocksInstance.idbFestoLxStopper2.Static.Lt_MCtrl14ON,DataBlocksInstance.idbFestoLxStopper2.Static.Lt_MCtrl12ONRising,DataBlocksInstance.idbFestoLxStopper2.Static.Lt_MCtrl12ONFalling,DataBlocksInstance.idbFestoLxStopper2.Static.Lt_MCtrl14ONRising,DataBlocksInstance.idbFestoLxStopper2.Static.Lt_MCtrl14ONFalling,DataBlocksInstance.idbFestoLxTurn.Inputs.bEnable,DataBlocksInstance.idbFestoLxTurn.Inputs.bInitPos,DataBlocksInstance.idbFestoLxTurn.Inputs.bEndPos,DataBlocksInstance.idbFestoLxTurn.Inputs.bMotionCtrl12,DataBlocksInstance.idbFestoLxTurn.Inputs.bMotionCtrl14,DataBlocksInstance.idbFestoLxTurn.Inputs.bAutomaticMode,DataBlocksInstance.idbFestoLxTurn.Outputs.bEnabled,DataBlocksInstance.idbFestoLxTurn.Static.Lt_IPosRising,DataBlocksInstance.idbFestoLxTurn.Static.Lt_IPosFalling,DataBlocksInstance.idbFestoLxTurn.Static.Lt_EPosRising,DataBlocksInstance.idbFestoLxTurn.Static.Lt_EPosFalling,DataBlocksInstance.idbFestoLxTurn.Static.Lt_MCtrl12Rising,DataBlocksInstance.idbFestoLxTurn.Static.Lt_MCtrl12Falling,DataBlocksInstance.idbFestoLxTurn.Static.Lt_MCtrl14Rising,DataBlocksInstance.idbFestoLxTurn.Static.Lt_MCtrl14Falling,DataBlocksInstance.idbFestoLxTurn.Static.Lt_MCtrl12ON,DataBlocksInstance.idbFestoLxTurn.Static.Lt_MCtrl14ON,DataBlocksInstance.idbFestoLxTurn.Static.Lt_MCtrl12ONRising,DataBlocksInstance.idbFestoLxTurn.Static.Lt_MCtrl12ONFalling,DataBlocksInstance.idbFestoLxTurn.Static.Lt_MCtrl14ONRising,DataBlocksInstance.idbFestoLxTurn.Static.Lt_MCtrl14ONFalling,DataBlocksInstance.idbFestoLxYaxis.Inputs.bEnable,DataBlocksInstance.idbFestoLxYaxis.Inputs.bInitPos,DataBlocksInstance.idbFestoLxYaxis.Inputs.bEndPos,DataBlocksInstance.idbFestoLxYaxis.Inputs.bMotionCtrl12,DataBlocksInstance.idbFestoLxYaxis.Inputs.bMotionCtrl14,DataBlocksInstance.idbFestoLxYaxis.Inputs.bAutomaticMode,DataBlocksInstance.idbFestoLxYaxis.Outputs.bEnabled,DataBlocksInstance.idbFestoLxYaxis.Static.Lt_IPosRising,DataBlocksInstance.idbFestoLxYaxis.Static.Lt_IPosFalling,DataBlocksInstance.idbFestoLxYaxis.Static.Lt_EPosRising,DataBlocksInstance.idbFestoLxYaxis.Static.Lt_EPosFalling,DataBlocksInstance.idbFestoLxYaxis.Static.Lt_MCtrl12Rising,DataBlocksInstance.idbFestoLxYaxis.Static.Lt_MCtrl12Falling,DataBlocksInstance.idbFestoLxYaxis.Static.Lt_MCtrl14Rising,DataBlocksInstance.idbFestoLxYaxis.Static.Lt_MCtrl14Falling,DataBlocksInstance.idbFestoLxYaxis.Static.Lt_MCtrl12ON,DataBlocksInstance.idbFestoLxYaxis.Static.Lt_MCtrl14ON,DataBlocksInstance.idbFestoLxYaxis.Static.Lt_MCtrl12ONRising,DataBlocksInstance.idbFestoLxYaxis.Static.Lt_MCtrl12ONFalling,DataBlocksInstance.idbFestoLxYaxis.Static.Lt_MCtrl14ONRising,DataBlocksInstance.idbFestoLxYaxis.Static.Lt_MCtrl14ONFalling,DataBlocksInstance.dbApplication.Inputs.xInit,DataBlocksInstance.dbApplication.Inputs.xDoorErr,DataBlocksInstance.dbApplication.Inputs.xReset,DataBlocksInstance.dbApplication.Inputs.xAuto,DataBlocksInstance.dbApplication.Inputs.xYaxisBack,DataBlocksInstance.dbApplication.Inputs.xYaxisFront,DataBlocksInstance.dbApplication.Inputs.xLA_BG50,DataBlocksInstance.dbApplication.Inputs.xLA_BG51,DataBlocksInstance.dbApplication.Inputs.xLA_BG52,DataBlocksInstance.dbApplication.Inputs.xLA_BG53,DataBlocksInstance.dbApplication.Outputs.xBusy,DataBlocksInstance.dbApplication.Outputs.xLA_MB50,DataBlocksInstance.dbApplication.Outputs.xLA_MB51,DataBlocksInstance.dbApplication.Outputs.xLA_MB53,DataBlocksInstance.dbApplication.Outputs.xLA_MB54,DataBlocksInstance.dbApplication.Outputs.xLA_MB55,DataBlocksInstance.dbApplication.InOuts.UpperPos,DataBlocksInstance.dbApplication.Static.xResetRdy,DataBlocksInstance.dbCMMP_AS_Main.Inputs.Init,DataBlocksInstance.dbTeachen.Inputs.Init,DataBlocksInstance.dbTeachen.Outputs.TurnEn,DataBlocksInstance.dbTeachen.InOuts.UpperPos,DataBlocksInstance.dbTeachen.Static.Enable,DataBlocksInstance.dbTeachen.Static.RefBusy,DataBlocksInstance.dbTeachen.Static.pHF_Move,DataBlocksInstance.dbTeachen.Static.PickBusy,DataBlocksInstance.dbTeachen.Static.PlaceBusy,DataBlocksInstance.dbInventory.Outputs.Success,DataBlocksInstance.dbMesShowASRS.Inputs.xInit,DataBlocksInstance.dbMesShowASRS.Inputs.xEnable,DataBlocksInstance.dbMesShowASRS.Static.EN1,DataBlocksInstance.dbNextShelf.Inputs.xInit,DataBlocksInstance.dbNextShelf.Inputs.xMan,DataBlocksInstance.dbNextShelf.Inputs.xPosToNextStep,DataBlocksInstance.dbNextShelf.Inputs.xLA_BG50,DataBlocksInstance.dbNextShelf.Inputs.xLA_BG51,DataBlocksInstance.dbNextShelf.Inputs.xLA_BG52,DataBlocksInstance.dbNextShelf.Inputs.xLA_BG53,DataBlocksInstance.dbNextShelf.Inputs.xYaxisBack,DataBlocksInstance.dbNextShelf.Inputs.xYaxisFront,DataBlocksInstance.dbNextShelf.Outputs.xBusy,DataBlocksInstance.dbNextShelf.Static.xAxisInMotionX,DataBlocksInstance.dbNextShelf.Static.xInitDone,DataBlocksInstance.dbNextShelf.Static.xAxisInMotionZ,DataBlocksInstance.dbNextShelf.Static.xTurnTo0,DataBlocksInstance.dbNextShelf.Static.xTurnTo180,DataBlocksInstance.dbNextShelf.Static.xNoTurnNeeded,DataBlocksInstance.dbError.Inputs.xInit,DataBlocksInstance.dbError.Static.xError,DataBlocksInstance.dbActuatorCntr.Inputs.xInit,DataBlocksGlobal.dbRob.xConnect,DataBlocksGlobal.dbRob.xStart,DataBlocksGlobal.dbRob.xRetry,DataBlocksGlobal.dbRob.xExitCycle,DataBlocksGlobal.dbRob.xConnected,DataBlocksGlobal.dbRob.xReady,DataBlocksGlobal.dbRob.xBusy,DataBlocksGlobal.dbRob.xRun,DataBlocksGlobal.dbRob.xInteraction,DataBlocksGlobal.dbRob.xSrvOffAfterRdy,DataBlocksGlobal.dbTriggers.xMemRaisTrigSim,DataBlocksGlobal.dbTriggers.xMemFallTrigSim,DataBlocksGlobal.dbTriggers.xRaisTrigSim,DataBlocksGlobal.dbTriggers.xFallTrigSim,DataBlocksGlobal.dbTcpConnParCam.ActiveEstablished,Inputs.xEMG,Inputs.xSF2,Inputs.E1.5,Inputs.xSF3,Inputs.xG1_BG40,Inputs.xG1_BG41,Inputs.xG1_BG42,Inputs.xG1_BG43,Inputs.xG1_BG44,Inputs.xG1_BG45,Inputs.xG1_BG50,Inputs.xG1_BG51,Inputs.xG1_BG52,Inputs.xG1_BG53,Inputs.xH1_BG1,Inputs.xH1_BG2,Inputs.xH1_BG3,Inputs.xH1_BG5,Inputs.xH1_BG6,Inputs.xH1_SF7_IN,Inputs.xH1_KG8,Memory.xUserReq,Memory.xEmgRobot,Memory.xEmgRobotQuit,Memory.xRobotWrn,Outputs.xG1_GF25,Outputs.xG1_MB24,Outputs.xG1_MB23,Outputs.xG1_MB22,Outputs.xG1_MB21,Outputs.xG1_MB20,Outputs.xQA3_A1,Outputs.xQA3_A2,Outputs.xG1_MB30,Outputs.xG1_MB31,Outputs.xG1_MB32,Outputs.xG1_MB33,Outputs.xG1_MB34,Outputs.xG1_MB35,Outputs.xG1_MB40,Outputs.xG1_MB41,Outputs.xG1_MB42,Outputs.xG1_MB43,Outputs.xG1_MB44,Outputs.xG1_MB45,Outputs.xG1_MB50,Outputs.xG1_MB51,Outputs.xG1_MB52,Outputs.xG1_MB53,Outputs.xH1_QA4_A1,Outputs.xH1_QA4_A2,Outputs.xH1_QA4_A3,Outputs.xH1_MB5,Outputs.xH1_SF7_OUT,Outputs.xH1_GF8,DataBlocksInstance.dbRobotHs.Inputs.xSafetyDoorClosed,DataBlocksInstance.dbRobotHs.Inputs.xSrvOffAfterRdy,DataBlocksInstance.dbRobotHs.Outputs.xConnected,DataBlocksInstance.dbRobotHs.Outputs.xReady,DataBlocksInstance.dbRobotHs.Outputs.xBusy,DataBlocksInstance.dbRobotHs.Outputs.xRun,DataBlocksInstance.dbRobotHs.InOuts.xSF0,DataBlocksInstance.dbRobotHs.InOuts.xSF2,DataBlocksInstance.dbRobotHs.InOuts.xConnect,DataBlocksInstance.dbRobotHs.InOuts.xStart,DataBlocksInstance.dbRobotHs.InOuts.xRetry,DataBlocksInstance.dbRobotHs.InOuts.xExitCycle,DataBlocksInstance.dbRobotHs.Static.xError,DataBlocksInstance.dbRobotHs.Static.xBusyOverride,DataBlocksInstance.dbRobotHs.Static.xIOEnaSave,DataBlocksInstance.dbRobotHs.Static.xProgStopped,DataBlocksInstance.dbPcbBoxChange.Inputs.xInit,DataBlocksInstance.dbPcbBoxChange.Inputs.xAuto,DataBlocksInstance.dbPcbBoxChange.Inputs.xMan,DataBlocksInstance.dbPcbBoxChange.Inputs.xButton,DataBlocksInstance.dbPcbBoxChange.Outputs.xReady,DataBlocksInstance.dbPcbBoxChange.Outputs.xBusy,DataBlocksInstance.dbPcbBoxChange.Outputs.xBoxInside,DataBlocksInstance.dbPcbBoxChange.Outputs.xIndexUnitRaise,DataBlocksInstance.dbPcbBoxChange.Outputs.xConvBoxQ1,DataBlocksInstance.dbPcbBoxChange.Outputs.xConvBoxQ2,DataBlocksInstance.dbPcbBoxChange.Outputs.xDockingTransmitter,DataBlocksInstance.dbPcbBoxChange.InOuts.xLamp,DataBlocksInstance.dbPcbBoxChange.InOuts.xChangeReq,DataBlocksInstance.dbPcbBoxChange.InOuts.xSF2,DataBlocksInstance.dbPcbBoxChange.Static.xReqBoxChange,DataBlocksInstance.dbPcbBoxChange.Static.xBoxUnloadMan,DataBlocksInstance.dbPcbBoxChange.Static.xRfidRdy,DataBlocksInstance.dbPcbBoxChange.Static.xRfidErr,DataBlocksInstance.dbPcbBoxChange.Static.xRfid1,DataBlocksInstance.dbPcbBoxChange.Static.xBoxLoadMan,DataBlocksInstance.dbPcbBoxChange.Static.xRobotinoHS,DataBlocksInstance.dbPcbBoxChange.Static.xError,DataBlocksInstance.dbPcbBoxChange.Static.xChangeBusy,DataBlocksInstance.dbActDeactPNIO.Inputs.xInit,DataBlocksInstance.dbActDeactPNIO.Static.xReq,DataBlocksInstance.dbActDeactPNIO.Static.xBusy,DataBlocksInstance.dbActDeactPNIO.Static.xAppSimOld,DataBlocksInstance.dbRobotHsSim.Inputs.xInit,DataBlocksInstance.dbRobotHsSim.Inputs.xSafetyDoorClosed,DataBlocksInstance.dbRobotHsSim.Inputs.xAuto,DataBlocksInstance.dbRobotHsSim.Inputs.xReset,DataBlocksInstance.dbRobotHsSim.Outputs.xBusy,DataBlocksInstance.dbRobotHsSim.Outputs.xRun,DataBlocksInstance.dbRobotHsSim.InOuts.xConnected,DataBlocksInstance.dbRobotHsSim.InOuts.xReady,DataBlocksInstance.dbRobotHsSim.InOuts.xConnect,DataBlocksInstance.dbRobotHsSim.InOuts.xStart,DataBlocksInstance.dbRobotHsSim.InOuts.xRetry,DataBlocksInstance.dbRobotHsSim.InOuts.xExitCycle,DataBlocksInstance.dbRobotHsSim.InOuts.xSF2,DataBlocksInstance.dbRobotHsSim.InOuts.xHint,DataBlocksInstance.dbRobotHsSim.Static.xError,DataBlocksInstance.dbRobotHsSim.Static.xRobStartEn,DataBlocksInstance.dbRobotHsSim.Static.xAppRun,DataBlocksInstance.dbRobotHsSim.Static.xInitDone,DataBlocksInstance.dbTransport.Static.xSema,DataBlocksInstance.dbApplication.Inputs.xRetry,DataBlocksInstance.dbApplication.Inputs.xExitCycle,DataBlocksInstance.dbWebPageRefresh.Inputs.xInit,DataBlocksInstance.dbWebPageRefresh.Inputs.xCameraBusy,DataBlocksInstance.dbWebPageRefresh.Static.xTriggerFlag,DataBlocksInstance.dbActuatorCntrApp.Inputs.xInit,DataBlocksInstance.dbErrorApp.Inputs.xInit,DataBlocksInstance.dbErrorApp.Static.xError,DataBlocksInstance.dbApplicationHandwork.Inputs.xInit,DataBlocksInstance.dbApplicationHandwork.Inputs.xAuto,DataBlocksInstance.dbApplicationHandwork.Inputs.xCycleEnd,DataBlocksInstance.dbApplicationHandwork.Inputs.xErrSF01,DataBlocksInstance.dbApplicationHandwork.Inputs.xManual,DataBlocksInstance.dbApplicationHandwork.Inputs.xStartMan,DataBlocksInstance.dbApplicationHandwork.Static.xUrlCopyDone,DataBlocksInstance.dbApplicationHandwork.Static.xInitDone,DataBlocksInstance.dbApplicationSimulation.Inputs.xInit,DataBlocksInstance.dbApplicationSimulation.Inputs.xAuto,DataBlocksInstance.dbApplicationSimulation.Inputs.xReset,Inputs.xG1_In06,Inputs.xG1_In07,Inputs.xG1_In01,Inputs.xF2KF1,Inputs.xG1_In02,Inputs.xF2FQ1,Inputs.xG1_In03,Inputs.xG1_In05,Inputs.xCL_BG1,Inputs.xCL_BG2,Inputs.xCL_BG3,Inputs.xCL_BG4,Inputs.xCL_BG5,Inputs.xAppIn6,Inputs.xCL_BG7,Inputs.xCL_BG8,Outputs.xG1_Out00,Outputs.xG1_Out01,Outputs.xG1_Out02,Outputs.xG1_Out03,Outputs.xG1_Out16,Outputs.xG1_Out17,Outputs.xG1_Out07,Outputs.xCL_MB1,Outputs.xCL_MB2,Outputs.xCL_MB3,Outputs.xCL_MB4,Outputs.xCL_MB5,Outputs.xAppOut6,Outputs.xAppOut7,Outputs.xAppOut8,DataBlocksInstance.idbFestoLxMagLift.Inputs.bEnable,DataBlocksInstance.idbFestoLxMagLift.Inputs.bInitPos,DataBlocksInstance.idbFestoLxMagLift.Inputs.bEndPos,DataBlocksInstance.idbFestoLxMagLift.Inputs.bMotionCtrl12,DataBlocksInstance.idbFestoLxMagLift.Inputs.bMotionCtrl14,DataBlocksInstance.idbFestoLxMagLift.Inputs.bAutomaticMode,DataBlocksInstance.idbFestoLxMagLift.Outputs.bEnabled,DataBlocksInstance.idbFestoLxMagLift.Static.Lt_IPosRising,DataBlocksInstance.idbFestoLxMagLift.Static.Lt_IPosFalling,DataBlocksInstance.idbFestoLxMagLift.Static.Lt_EPosRising,DataBlocksInstance.idbFestoLxMagLift.Static.Lt_EPosFalling,DataBlocksInstance.idbFestoLxMagLift.Static.Lt_MCtrl12Rising,DataBlocksInstance.idbFestoLxMagLift.Static.Lt_MCtrl12Falling,DataBlocksInstance.idbFestoLxMagLift.Static.Lt_MCtrl14Rising,DataBlocksInstance.idbFestoLxMagLift.Static.Lt_MCtrl14Falling,DataBlocksInstance.idbFestoLxMagLift.Static.Lt_MCtrl12ON,DataBlocksInstance.idbFestoLxMagLift.Static.Lt_MCtrl14ON,DataBlocksInstance.idbFestoLxMagLift.Static.Lt_MCtrl12ONRising,DataBlocksInstance.idbFestoLxMagLift.Static.Lt_MCtrl12ONFalling,DataBlocksInstance.idbFestoLxMagLift.Static.Lt_MCtrl14ONRising,DataBlocksInstance.idbFestoLxMagLift.Static.Lt_MCtrl14ONFalling,DataBlocksInstance.idbFestoLxStopper.Inputs.bEnable,DataBlocksInstance.idbFestoLxStopper.Inputs.bInitPos,DataBlocksInstance.idbFestoLxStopper.Inputs.bEndPos,DataBlocksInstance.idbFestoLxStopper.Inputs.bMotionCtrl12,DataBlocksInstance.idbFestoLxStopper.Inputs.bMotionCtrl14,DataBlocksInstance.idbFestoLxStopper.Inputs.bAutomaticMode,DataBlocksInstance.idbFestoLxStopper.Outputs.bEnabled,DataBlocksInstance.idbFestoLxStopper.Static.Lt_IPosRising,DataBlocksInstance.idbFestoLxStopper.Static.Lt_IPosFalling,DataBlocksInstance.idbFestoLxStopper.Static.Lt_EPosRising,DataBlocksInstance.idbFestoLxStopper.Static.Lt_EPosFalling,DataBlocksInstance.idbFestoLxStopper.Static.Lt_MCtrl12Rising,DataBlocksInstance.idbFestoLxStopper.Static.Lt_MCtrl12Falling,DataBlocksInstance.idbFestoLxStopper.Static.Lt_MCtrl14Rising,DataBlocksInstance.idbFestoLxStopper.Static.Lt_MCtrl14Falling,DataBlocksInstance.idbFestoLxStopper.Static.Lt_MCtrl12ON,DataBlocksInstance.idbFestoLxStopper.Static.Lt_MCtrl14ON,DataBlocksInstance.idbFestoLxStopper.Static.Lt_MCtrl12ONRising,DataBlocksInstance.idbFestoLxStopper.Static.Lt_MCtrl12ONFalling,DataBlocksInstance.idbFestoLxStopper.Static.Lt_MCtrl14ONRising,DataBlocksInstance.idbFestoLxStopper.Static.Lt_MCtrl14ONFalling,DataBlocksInstance.idbFestoLxMagOpen.Inputs.bEnable,DataBlocksInstance.idbFestoLxMagOpen.Inputs.bInitPos,DataBlocksInstance.idbFestoLxMagOpen.Inputs.bEndPos,DataBlocksInstance.idbFestoLxMagOpen.Inputs.bMotionCtrl12,DataBlocksInstance.idbFestoLxMagOpen.Inputs.bMotionCtrl14,DataBlocksInstance.idbFestoLxMagOpen.Inputs.bAutomaticMode,DataBlocksInstance.idbFestoLxMagOpen.Outputs.bEnabled,DataBlocksInstance.idbFestoLxMagOpen.Static.Lt_IPosRising,DataBlocksInstance.idbFestoLxMagOpen.Static.Lt_IPosFalling,DataBlocksInstance.idbFestoLxMagOpen.Static.Lt_EPosRising,DataBlocksInstance.idbFestoLxMagOpen.Static.Lt_EPosFalling,DataBlocksInstance.idbFestoLxMagOpen.Static.Lt_MCtrl12Rising,DataBlocksInstance.idbFestoLxMagOpen.Static.Lt_MCtrl12Falling,DataBlocksInstance.idbFestoLxMagOpen.Static.Lt_MCtrl14Rising,DataBlocksInstance.idbFestoLxMagOpen.Static.Lt_MCtrl14Falling,DataBlocksInstance.idbFestoLxMagOpen.Static.Lt_MCtrl12ON,DataBlocksInstance.idbFestoLxMagOpen.Static.Lt_MCtrl14ON,DataBlocksInstance.idbFestoLxMagOpen.Static.Lt_MCtrl12ONRising,DataBlocksInstance.idbFestoLxMagOpen.Static.Lt_MCtrl12ONFalling,DataBlocksInstance.idbFestoLxMagOpen.Static.Lt_MCtrl14ONRising,DataBlocksInstance.idbFestoLxMagOpen.Static.Lt_MCtrl14ONFalling,DataBlocksInstance.dbApplication.Inputs.xCL_BG1,DataBlocksInstance.dbApplication.Inputs.xCL_BG2,DataBlocksInstance.dbApplication.Inputs.xCL_BG3,DataBlocksInstance.dbApplication.Inputs.xCL_BG4,DataBlocksInstance.dbApplication.Inputs.xCL_BG5,DataBlocksInstance.dbApplication.Inputs.xCL_BG7,DataBlocksInstance.dbApplication.Inputs.xCL_BG8,DataBlocksInstance.dbApplication.Outputs.xCL_MB1,DataBlocksInstance.dbApplication.Outputs.xCL_MB2,DataBlocksInstance.dbApplication.Outputs.xCL_MB3,DataBlocksInstance.dbApplication.Outputs.xCL_MB4,DataBlocksInstance.dbApplication.Outputs.xCL_MB5,DataBlocksInstance.dbApplication.Static.xOk,DataBlocksInstance.dbErrorApp.Inputs.xEmg,DataBlocksInstance.dbError.Static.PTrigProgErr,Inputs.xH_BG1,Inputs.xH_DQ3,Inputs.xAppIn1,Inputs.xAppIn2,Inputs.xAppIn3,Inputs.xAppIn5,Inputs.xAppIn7,Outputs.xH_MB1,Outputs.xAppOut1,Outputs.xH_D1,Outputs.xH_D2,Outputs.xAppOut2,Outputs.xAppOut3,DataBlocksInstance.dbAppMPress.Inputs.xInit,DataBlocksInstance.dbAppMPress.Inputs.xAuto,DataBlocksInstance.dbAppMPress.Inputs.xReset,DataBlocksInstance.dbAppMPress.Inputs.xCycleEnd,DataBlocksInstance.dbAppMPress.Inputs.xMan,DataBlocksInstance.dbAppMPress.Inputs.xH_BG1,DataBlocksInstance.dbAppMPress.Inputs.xH_DQ3,DataBlocksInstance.dbAppMPress.Inputs.xH_MB1
10:56:20.050,ASRS,LIMIT_SWITCH_TEST,0.0,0,0,0,0,0,1,1,1,0,0,1.0,1.0,0.0,0.0,0,0,0,0.0,0,0.0,0.0,0.0,0.0,0.0,0.0,0.0,0.0,1.0,0.0,0,0,0.0,1.0,1.0,0.0,0.0,1.0,0.0,0.0,0.0,0.0,1.0,0.0,0,0,1,1,1,0,1,1,1,0,0,1,0,0,0,0,1,0,0,0.0,0.0,0.0,0.0,0.0,0.0,0.0,1.0,0.0,0.0,0.0,0.0,0.0,0.0,0.0,0.0,0.0,0.0,0.0,1.0,0.0,1.0,0.0,0.0,1.0,0.0,0.0,0.0,0.0,1.0,0,1,0,0,0,1,1,0,0,0,0,0,0,0,0,0,0,0,0,0,0,1,0,0,0,0,0,0,0,0,0,0,0,0,0,1.0,0.0,0.0,1.0,0.0,1.0,1.0,0.0,0.0,0.0,0.0,0.0,0.0,0.0,0.0,1.0,0.0,0.0,0.0,0.0,0.0,1.0,0.0,0.0,1.0,0.0,1.0,1.0,0.0,0.0,0.0,0.0,0.0,0.0,0.0,0.0,1.0,0.0,0.0,0.0,0.0,0.0,1.0,1.0,0.0,1.0,0.0,1.0,1.0,0.0,0.0,0.0,0.0,0.0,0.0,0.0,0.0,1.0,0.0,0.0,0.0,0.0,0.0,1.0,1.0,0.0,1.0,0.0,1.0,1.0,0.0,0.0,0.0,0.0,0.0,0.0,0.0,0.0,1.0,0.0,0.0,0.0,0.0,0.0,0.0,0.0,0.0,1.0,1.0,0.0,1.0,0.0,0.0,1.0,0.0,1.0,0.0,0.0,0.0,1.0,0.0,1.0,0.0,1.0,1.0,0.0,0.0,0.0,0.0,0.0,0.0,1.0,0.0,0.0,0.0,1.0,0.0,0.0,1.0,0.0,0.0,1.0,1.0,0.0,0.0,0.0,1.0,0.0,0.0,0.0,0.0,0,0,0,,,,,,,,,,,,,,,,,,,,,,,,,,,,,,,,,,,,,,,,,,,,,,,,,,,,,,,,,,,,,,,,,,,,,,,,,,,,,,,,,,,,,,,,,,,,,,,,,,,,,,,,,,,,,,,,,,,,,,,,,,,,,,,,,,,,,,,,,,,,,,,,,,,,,,,,,,,,,,,,,,,,,,,,,,,,,,,,,,,,,,,,,,,,,,,,,,,,,,,,,,,,,,,,,,,,,,,,,,,,,,,,,,,,,,,,,,,,,,,,,,,,,,,,,,,,,,,,,,,,,,,,,,,,,,,,,,,,,,,,,
10:56:23.537,ASRS,LIMIT_SWITCH_TEST,0.0,0,0,0,0,0,1,1,1,0,0,1.0,1.0,0.0,0.0,0,0,0,0.0,0,0.0,0.0,0.0,0.0,0.0,0.0,0.0,0.0,1.0,0.0,0,0,0.0,1.0,1.0,0.0,0.0,1.0,0.0,0.0,0.0,0.0,1.0,0.0,0,1,0,0,1,0,0,0,0,0,0,1,0,0,0,0,1,0,0,0.0,0.0,0.0,0.0,0.0,0.0,0.0,1.0,0.0,0.0,0.0,0.0,0.0,0.0,0.0,0.0,0.0,0.0,0.0,1.0,0.0,1.0,0.0,0.0,1.0,0.0,0.0,0.0,0.0,1.0,0,1,0,0,0,1,1,0,0,0,0,0,0,0,0,0,0,0,0,0,0,1,0,0,0,0,0,0,0,0,0,0,0,0,0,1.0,0.0,0.0,1.0,0.0,1.0,1.0,0.0,0.0,0.0,0.0,0.0,0.0,0.0,0.0,1.0,0.0,0.0,0.0,0.0,0.0,1.0,0.0,0.0,1.0,0.0,1.0,1.0,0.0,0.0,0.0,0.0,0.0,0.0,0.0,0.0,1.0,0.0,0.0,0.0,0.0,0.0,1.0,1.0,0.0,1.0,0.0,1.0,1.0,0.0,0.0,0.0,0.0,0.0,0.0,0.0,0.0,1.0,0.0,0.0,0.0,0.0,0.0,1.0,1.0,0.0,1.0,0.0,1.0,1.0,0.0,0.0,0.0,0.0,0.0,0.0,0.0,0.0,1.0,0.0,0.0,0.0,0.0,0.0,0.0,0.0,0.0,1.0,1.0,0.0,1.0,0.0,0.0,1.0,0.0,1.0,0.0,0.0,0.0,1.0,0.0,1.0,0.0,1.0,1.0,0.0,0.0,0.0,0.0,0.0,0.0,1.0,0.0,0.0,0.0,1.0,0.0,0.0,1.0,0.0,0.0,1.0,1.0,0.0,0.0,0.0,1.0,0.0,0.0,0.0,0.0,0,0,0,,,,,,,,,,,,,,,,,,,,,,,,,,,,,,,,,,,,,,,,,,,,,,,,,,,,,,,,,,,,,,,,,,,,,,,,,,,,,,,,,,,,,,,,,,,,,,,,,,,,,,,,,,,,,,,,,,,,,,,,,,,,,,,,,,,,,,,,,,,,,,,,,,,,,,,,,,,,,,,,,,,,,,,,,,,,,,,,,,,,,,,,,,,,,,,,,,,,,,,,,,,,,,,,,,,,,,,,,,,,,,,,,,,,,,,,,,,,,,,,,,,,,,,,,,,,,,,,,,,,,,,,,,,,,,,,,,,,,,,,,
10:56:26.989,ASRS,LIMIT_SWITCH_TEST,0.0,0,0,0,0,0,1,1,1,0,0,1.0,1.0,0.0,0.0,0,0,0,0.0,0,0.0,0.0,0.0,0.0,0.0,0.0,0.0,0.0,1.0,0.0,0,0,0.0,1.0,1.0,0.0,0.0,1.0,0.0,0.0,0.0,0.0,1.0,0.0,0,0,1,0,1,1,1,0,0,0,0,1,0,0,0,0,1,0,0,0.0,0.0,0.0,0.0,0.0,0.0,0.0,1.0,0.0,0.0,0.0,0.0,0.0,0.0,0.0,0.0,0.0,0.0,0.0,1.0,0.0,1.0,0.0,0.0,1.0,0.0,0.0,0.0,0.0,1.0,0,1,0,0,0,1,1,0,0,0,0,0,0,0,0,0,0,0,0,0,0,1,0,0,0,0,0,0,0,0,0,0,0,0,0,1.0,0.0,0.0,1.0,0.0,1.0,1.0,0.0,0.0,0.0,0.0,0.0,0.0,0.0,0.0,1.0,0.0,0.0,0.0,0.0,0.0,1.0,0.0,0.0,1.0,0.0,1.0,1.0,0.0,0.0,0.0,0.0,0.0,0.0,0.0,0.0,1.0,0.0,0.0,0.0,0.0,0.0,1.0,1.0,0.0,1.0,0.0,1.0,1.0,0.0,0.0,0.0,0.0,0.0,0.0,0.0,0.0,1.0,0.0,0.0,0.0,0.0,0.0,1.0,1.0,0.0,1.0,0.0,1.0,1.0,0.0,0.0,0.0,0.0,0.0,0.0,0.0,0.0,1.0,0.0,0.0,0.0,0.0,0.0,0.0,0.0,0.0,1.0,1.0,0.0,1.0,0.0,0.0,1.0,0.0,1.0,0.0,0.0,0.0,1.0,0.0,1.0,0.0,1.0,1.0,0.0,0.0,0.0,0.0,0.0,0.0,1.0,0.0,0.0,0.0,1.0,0.0,0.0,1.0,0.0,0.0,1.0,1.0,0.0,0.0,0.0,1.0,0.0,0.0,0.0,0.0,0,0,0,,,,,,,,,,,,,,,,,,,,,,,,,,,,,,,,,,,,,,,,,,,,,,,,,,,,,,,,,,,,,,,,,,,,,,,,,,,,,,,,,,,,,,,,,,,,,,,,,,,,,,,,,,,,,,,,,,,,,,,,,,,,,,,,,,,,,,,,,,,,,,,,,,,,,,,,,,,,,,,,,,,,,,,,,,,,,,,,,,,,,,,,,,,,,,,,,,,,,,,,,,,,,,,,,,,,,,,,,,,,,,,,,,,,,,,,,,,,,,,,,,,,,,,,,,,,,,,,,,,,,,,,,,,,,,,,,,,,,,,,,
10:56:30.431,ASRS,LIMIT_SWITCH_TEST,0.0,0,0,0,0,0,1,1,1,0,0,1.0,1.0,0.0,0.0,0,0,0,0.0,0,0.0,0.0,0.0,0.0,0.0,0.0,0.0,0.0,1.0,0.0,0,0,0.0,1.0,1.0,0.0,0.0,1.0,0.0,0.0,0.0,0.0,1.0,0.0,0,1,1,1,0,0,1,0,1,0,0,1,0,0,0,0,1,0,0,0.0,0.0,0.0,0.0,0.0,0.0,0.0,1.0,0.0,0.0,0.0,0.0,0.0,0.0,0.0,0.0,0.0,0.0,0.0,1.0,0.0,1.0,0.0,0.0,1.0,0.0,0.0,0.0,0.0,1.0,0,1,0,0,0,1,1,0,0,0,0,0,0,0,0,0,0,0,0,0,0,1,0,0,0,0,0,0,0,0,0,0,0,0,0,1.0,0.0,0.0,1.0,0.0,1.0,1.0,0.0,0.0,0.0,0.0,0.0,0.0,0.0,0.0,1.0,0.0,0.0,0.0,0.0,0.0,1.0,0.0,0.0,1.0,0.0,1.0,1.0,0.0,0.0,0.0,0.0,0.0,0.0,0.0,0.0,1.0,0.0,0.0,0.0,0.0,0.0,1.0,1.0,0.0,1.0,0.0,1.0,1.0,0.0,0.0,0.0,0.0,0.0,0.0,0.0,0.0,1.0,0.0,0.0,0.0,0.0,0.0,1.0,1.0,0.0,1.0,0.0,1.0,1.0,0.0,0.0,0.0,0.0,0.0,0.0,0.0,0.0,1.0,0.0,0.0,0.0,0.0,0.0,0.0,0.0,0.0,1.0,1.0,0.0,1.0,0.0,0.0,1.0,0.0,1.0,0.0,0.0,0.0,1.0,0.0,1.0,0.0,1.0,1.0,0.0,0.0,0.0,0.0,0.0,0.0,1.0,0.0,0.0,0.0,1.0,0.0,0.0,1.0,0.0,0.0,1.0,1.0,0.0,0.0,0.0,1.0,0.0,0.0,0.0,0.0,0,0,0,,,,,,,,,,,,,,,,,,,,,,,,,,,,,,,,,,,,,,,,,,,,,,,,,,,,,,,,,,,,,,,,,,,,,,,,,,,,,,,,,,,,,,,,,,,,,,,,,,,,,,,,,,,,,,,,,,,,,,,,,,,,,,,,,,,,,,,,,,,,,,,,,,,,,,,,,,,,,,,,,,,,,,,,,,,,,,,,,,,,,,,,,,,,,,,,,,,,,,,,,,,,,,,,,,,,,,,,,,,,,,,,,,,,,,,,,,,,,,,,,,,,,,,,,,,,,,,,,,,,,,,,,,,,,,,,,,,,,,,,,
10:56:33.902,ASRS,LIMIT_SWITCH_TEST,0.0,0,0,0,0,0,1,1,1,0,0,1.0,1.0,0.0,0.0,0,0,0,0.0,0,0.0,0.0,0.0,0.0,0.0,0.0,0.0,0.0,1.0,0.0,0,0,0.0,1.0,1.0,0.0,0.0,1.0,0.0,0.0,0.0,0.0,1.0,0.0,0,0,0,0,0,0,0,0,0,0,0,1,0,0,0,0,1,0,0,0.0,0.0,0.0,0.0,0.0,0.0,0.0,1.0,0.0,0.0,0.0,0.0,0.0,0.0,0.0,0.0,0.0,0.0,0.0,1.0,0.0,1.0,0.0,0.0,1.0,0.0,0.0,0.0,0.0,1.0,0,1,0,0,0,1,1,0,0,0,0,0,0,0,0,0,0,0,0,0,0,1,0,0,0,0,0,0,0,0,0,0,0,0,0,1.0,0.0,0.0,1.0,0.0,1.0,1.0,0.0,0.0,0.0,0.0,0.0,0.0,0.0,0.0,1.0,0.0,0.0,0.0,0.0,0.0,1.0,0.0,0.0,1.0,0.0,1.0,1.0,0.0,0.0,0.0,0.0,0.0,0.0,0.0,0.0,1.0,0.0,0.0,0.0,0.0,0.0,1.0,1.0,0.0,1.0,0.0,1.0,1.0,0.0,0.0,0.0,0.0,0.0,0.0,0.0,0.0,1.0,0.0,0.0,0.0,0.0,0.0,1.0,1.0,0.0,1.0,0.0,1.0,1.0,0.0,0.0,0.0,0.0,0.0,0.0,0.0,0.0,1.0,0.0,0.0,0.0,0.0,0.0,0.0,0.0,0.0,1.0,1.0,0.0,1.0,0.0,0.0,1.0,0.0,1.0,0.0,0.0,0.0,1.0,0.0,1.0,0.0,1.0,1.0,0.0,0.0,0.0,0.0,0.0,0.0,1.0,0.0,0.0,0.0,1.0,0.0,0.0,1.0,0.0,0.0,1.0,1.0,0.0,0.0,0.0,1.0,0.0,0.0,0.0,0.0,0,0,0,,,,,,,,,,,,,,,,,,,,,,,,,,,,,,,,,,,,,,,,,,,,,,,,,,,,,,,,,,,,,,,,,,,,,,,,,,,,,,,,,,,,,,,,,,,,,,,,,,,,,,,,,,,,,,,,,,,,,,,,,,,,,,,,,,,,,,,,,,,,,,,,,,,,,,,,,,,,,,,,,,,,,,,,,,,,,,,,,,,,,,,,,,,,,,,,,,,,,,,,,,,,,,,,,,,,,,,,,,,,,,,,,,,,,,,,,,,,,,,,,,,,,,,,,,,,,,,,,,,,,,,,,,,,,,,,,,,,,,,,,
10:56:15.942,RASS,LIMIT_SWITCH_TEST,,0,0,0,0,0,1,1,1,0,0,1.0,,,,0,0,0,,0,,,0.0,0.0,0.0,0.0,0.0,0.0,,,0,0,,,,,,,,,,,1.0,,0,1,1,1,1,1,1,0,1,0,0,1,0,0,1,0,1,0,0,,,,,,,0.0,1.0,0.0,0.0,0.0,,,,,,,,,,,,,,,,,,,,0,1,0,0,0,1,1,0,0,0,0,0,0,0,0,0,0,0,0,0,0,1,0,0,0,0,0,0,0,0,0,0,0,0,0,,,,,,,,,,,,,,,,,,,,,,,,,,,,,,,,,,,,,,,,,,,,,,,,,,,,,,,,,,,,,,,,,,,,,,,,,,,,,,,,,,,,,0.0,,0.0,1.0,,,,,,,,,,,,,,,,,,,,,,,,,,,,,,,,,,,,,,,,,,,,0,0,0,0.0,0.0,0.0,0.0,1.0,1.0,0.0,0.0,0.0,1.0,0.0,0.0,0.0,0.0,1.0,1.0,0.0,0.0,0.0,1.0,0.0,0.0,0.0,0.0,1.0,1.0,1.0,1.0,1.0,1.0,0.0,1.0,1.0,1.0,0.0,0.0,0.0,0.0,0.0,0.0,0.0,0.0,0.0,0.0,0.0,0.0,1.0,0.0,0.0,0.0,0.0,0.0,0.0,0.0,1.0,0.0,0.0,0.0,0.0,0.0,0.0,0.0,0.0,0.0,0.0,0.0,0.0,1.0,0.0,0.0,1.0,1.0,1.0,1.0,0.0,0.0,0.0,0.0,0.0,0.0,0.0,0.0,0.0,0.0,0.0,0.0,0.0,1.0,0.0,0.0,0.0,1.0,1.0,1.0,0.0,0.0,0.0,0.0,0.0,0.0,0.0,0.0,1.0,0.0,1.0,0.0,0.0,0.0,0.0,0.0,0.0,0.0,0.0,0.0,0.0,0.0,0.0,0.0,0.0,0.0,0.0,0.0,0.0,0.0,0.0,0.0,0.0,0.0,0.0,0.0,0.0,0.0,0.0,0.0,0.0,0.0,0.0,0.0,0.0,0.0,0.0,0.0,0.0,0.0,0.0,0.0,0.0,0.0,0.0,0.0,0.0,,,,,,,,,,,,,,,,,,,,,,,,,,,,,,,,,,,,,,,,,,,,,,,,,,,,,,,,,,,,,,,,,,,,,,,,,,,,,,,,,,,,,,,,,,,,,,,,,,,,,,,,,,,,,,,,,,,,,,,,,,,,,,,,,,
10:56:19.072,RASS,LIMIT_SWITCH_TEST,,0,0,0,0,0,1,1,1,0,0,1.0,,,,0,0,0,,0,,,0.0,0.0,0.0,0.0,0.0,0.0,,,0,0,,,,,,,,,,,1.0,,0,1,1,1,0,1,1,0,0,0,0,1,0,0,1,0,1,0,0,,,,,,,0.0,1.0,0.0,0.0,0.0,,,,,,,,,,,,,,,,,,,,0,1,0,0,0,1,1,0,0,0,0,0,0,0,0,0,0,0,0,0,0,1,0,0,0,0,0,0,0,0,0,0,0,0,0,,,,,,,,,,,,,,,,,,,,,,,,,,,,,,,,,,,,,,,,,,,,,,,,,,,,,,,,,,,,,,,,,,,,,,,,,,,,,,,,,,,,,0.0,,0.0,1.0,,,,,,,,,,,,,,,,,,,,,,,,,,,,,,,,,,,,,,,,,,,,0,0,0,0.0,0.0,0.0,0.0,1.0,1.0,0.0,0.0,0.0,1.0,0.0,0.0,0.0,0.0,1.0,1.0,0.0,0.0,0.0,1.0,0.0,0.0,0.0,0.0,1.0,1.0,1.0,0.0,1.0,1.0,0.0,1.0,1.0,1.0,0.0,0.0,0.0,0.0,0.0,0.0,0.0,0.0,0.0,0.0,0.0,0.0,1.0,0.0,0.0,0.0,0.0,0.0,0.0,0.0,1.0,0.0,0.0,0.0,0.0,0.0,0.0,0.0,0.0,0.0,0.0,0.0,0.0,1.0,0.0,0.0,1.0,1.0,1.0,1.0,0.0,0.0,0.0,0.0,0.0,0.0,0.0,0.0,0.0,0.0,0.0,0.0,0.0,1.0,0.0,0.0,0.0,1.0,1.0,1.0,0.0,0.0,0.0,0.0,0.0,0.0,0.0,0.0,1.0,0.0,1.0,0.0,0.0,0.0,0.0,0.0,0.0,0.0,0.0,0.0,0.0,0.0,0.0,0.0,0.0,0.0,0.0,0.0,0.0,0.0,0.0,0.0,0.0,0.0,0.0,0.0,0.0,0.0,0.0,0.0,0.0,0.0,0.0,0.0,0.0,0.0,0.0,0.0,0.0,0.0,0.0,0.0,0.0,0.0,0.0,0.0,0.0,,,,,,,,,,,,,,,,,,,,,,,,,,,,,,,,,,,,,,,,,,,,,,,,,,,,,,,,,,,,,,,,,,,,,,,,,,,,,,,,,,,,,,,,,,,,,,,,,,,,,,,,,,,,,,,,,,,,,,,,,,,,,,,,,,
10:56:22.318,RASS,LIMIT_SWITCH_TEST,,0,0,0,0,0,1,1,1,0,0,1.0,,,,0,0,0,,0,,,0.0,0.0,0.0,0.0,0.0,0.0,,,0,0,,,,,,,,,,,1.0,,0,1,1,1,0,1,1,0,1,0,0,1,0,0,1,0,1,0,0,,,,,,,0.0,1.0,0.0,0.0,0.0,,,,,,,,,,,,,,,,,,,,0,1,0,0,0,1,1,0,0,0,0,0,0,0,0,0,0,0,0,0,0,1,0,0,0,0,0,0,0,0,0,0,0,0,0,,,,,,,,,,,,,,,,,,,,,,,,,,,,,,,,,,,,,,,,,,,,,,,,,,,,,,,,,,,,,,,,,,,,,,,,,,,,,,,,,,,,,0.0,,0.0,1.0,,,,,,,,,,,,,,,,,,,,,,,,,,,,,,,,,,,,,,,,,,,,0,0,0,0.0,0.0,0.0,0.0,1.0,1.0,0.0,0.0,0.0,1.0,0.0,0.0,0.0,0.0,1.0,1.0,0.0,0.0,0.0,1.0,0.0,0.0,0.0,0.0,1.0,1.0,1.0,1.0,1.0,1.0,0.0,1.0,1.0,1.0,0.0,0.0,0.0,0.0,0.0,0.0,0.0,0.0,0.0,0.0,0.0,0.0,1.0,0.0,0.0,0.0,0.0,0.0,0.0,0.0,1.0,0.0,0.0,0.0,0.0,0.0,0.0,0.0,0.0,0.0,0.0,0.0,0.0,1.0,0.0,0.0,1.0,1.0,1.0,1.0,0.0,0.0,0.0,0.0,0.0,0.0,0.0,0.0,0.0,0.0,0.0,0.0,0.0,1.0,0.0,0.0,0.0,1.0,1.0,1.0,0.0,0.0,0.0,0.0,0.0,0.0,0.0,0.0,1.0,0.0,1.0,0.0,0.0,0.0,0.0,0.0,0.0,0.0,0.0,0.0,0.0,0.0,0.0,0.0,0.0,0.0,0.0,0.0,0.0,0.0,0.0,0.0,0.0,0.0,0.0,0.0,0.0,1.0,0.0,0.0,0.0,0.0,0.0,0.0,0.0,0.0,0.0,0.0,0.0,0.0,0.0,0.0,0.0,0.0,0.0,0.0,0.0,,,,,,,,,,,,,,,,,,,,,,,,,,,,,,,,,,,,,,,,,,,,,,,,,,,,,,,,,,,,,,,,,,,,,,,,,,,,,,,,,,,,,,,,,,,,,,,,,,,,,,,,,,,,,,,,,,,,,,,,,,,,,,,,,,
10:56:25.511,RASS,LIMIT_SWITCH_TEST,,0,0,0,0,0,1,1,1,0,0,1.0,,,,0,0,0,,0,,,0.0,0.0,0.0,0.0,0.0,0.0,,,0,0,,,,,,,,,,,1.0,,0,0,1,1,1,1,0,0,0,0,0,1,0,0,1,0,1,0,0,,,,,,,0.0,1.0,0.0,0.0,0.0,,,,,,,,,,,,,,,,,,,,0,1,0,0,0,1,1,0,0,0,0,0,0,0,0,0,0,0,0,0,0,1,0,0,0,0,0,0,0,0,0,0,0,0,0,,,,,,,,,,,,,,,,,,,,,,,,,,,,,,,,,,,,,,,,,,,,,,,,,,,,,,,,,,,,,,,,,,,,,,,,,,,,,,,,,,,,,0.0,,0.0,1.0,,,,,,,,,,,,,,,,,,,,,,,,,,,,,,,,,,,,,,,,,,,,0,0,0,0.0,0.0,0.0,0.0,1.0,1.0,0.0,0.0,0.0,1.0,0.0,0.0,0.0,0.0,1.0,1.0,0.0,0.0,0.0,1.0,0.0,0.0,0.0,0.0,0.0,1.0,1.0,0.0,1.0,1.0,0.0,1.0,1.0,1.0,0.0,0.0,0.0,0.0,0.0,0.0,0.0,0.0,0.0,0.0,0.0,0.0,1.0,0.0,0.0,0.0,0.0,0.0,0.0,0.0,1.0,0.0,0.0,0.0,0.0,0.0,0.0,0.0,0.0,0.0,0.0,0.0,0.0,1.0,0.0,0.0,1.0,1.0,1.0,1.0,0.0,0.0,0.0,0.0,0.0,0.0,0.0,0.0,0.0,0.0,0.0,0.0,0.0,1.0,0.0,0.0,0.0,1.0,1.0,1.0,0.0,0.0,0.0,0.0,0.0,0.0,0.0,0.0,1.0,0.0,1.0,0.0,0.0,0.0,0.0,0.0,0.0,0.0,0.0,0.0,0.0,0.0,0.0,0.0,0.0,0.0,0.0,0.0,0.0,0.0,0.0,0.0,0.0,0.0,0.0,0.0,0.0,0.0,0.0,0.0,0.0,0.0,0.0,0.0,0.0,0.0,0.0,0.0,0.0,0.0,0.0,0.0,0.0,0.0,0.0,0.0,0.0,,,,,,,,,,,,,,,,,,,,,,,,,,,,,,,,,,,,,,,,,,,,,,,,,,,,,,,,,,,,,,,,,,,,,,,,,,,,,,,,,,,,,,,,,,,,,,,,,,,,,,,,,,,,,,,,,,,,,,,,,,,,,,,,,,
10:56:28.732,RASS,LIMIT_SWITCH_TEST,,0,0,0,0,0,1,1,1,0,0,1.0,,,,0,0,0,,0,,,0.0,0.0,0.0,0.0,0.0,0.0,,,0,0,,,,,,,,,,,1.0,,0,0,1,1,0,1,0,0,1,0,0,1,0,0,1,0,1,0,0,,,,,,,0.0,1.0,0.0,0.0,0.0,,,,,,,,,,,,,,,,,,,,0,1,0,0,0,1,1,0,0,0,0,0,0,0,0,0,0,0,0,0,0,1,0,0,0,0,0,0,0,0,0,0,0,0,0,,,,,,,,,,,,,,,,,,,,,,,,,,,,,,,,,,,,,,,,,,,,,,,,,,,,,,,,,,,,,,,,,,,,,,,,,,,,,,,,,,,,,0.0,,0.0,1.0,,,,,,,,,,,,,,,,,,,,,,,,,,,,,,,,,,,,,,,,,,,,0,0,0,0.0,0.0,0.0,0.0,1.0,1.0,0.0,0.0,0.0,1.0,0.0,0.0,0.0,0.0,1.0,1.0,0.0,0.0,0.0,1.0,0.0,0.0,0.0,0.0,1.0,1.0,1.0,0.0,1.0,1.0,0.0,1.0,1.0,1.0,0.0,0.0,0.0,0.0,0.0,0.0,0.0,0.0,0.0,0.0,0.0,0.0,1.0,0.0,0.0,0.0,0.0,0.0,0.0,0.0,1.0,0.0,0.0,0.0,0.0,0.0,0.0,0.0,0.0,0.0,0.0,0.0,0.0,1.0,0.0,0.0,1.0,1.0,1.0,1.0,0.0,0.0,0.0,0.0,0.0,0.0,0.0,0.0,0.0,0.0,0.0,0.0,0.0,1.0,0.0,0.0,0.0,1.0,1.0,1.0,0.0,0.0,0.0,0.0,0.0,0.0,0.0,0.0,1.0,0.0,1.0,0.0,0.0,0.0,0.0,0.0,0.0,0.0,0.0,0.0,0.0,0.0,0.0,0.0,0.0,0.0,0.0,0.0,0.0,0.0,0.0,0.0,0.0,0.0,0.0,0.0,0.0,1.0,0.0,0.0,0.0,0.0,0.0,0.0,0.0,0.0,0.0,0.0,0.0,0.0,0.0,0.0,0.0,0.0,0.0,0.0,0.0,,,,,,,,,,,,,,,,,,,,,,,,,,,,,,,,,,,,,,,,,,,,,,,,,,,,,,,,,,,,,,,,,,,,,,,,,,,,,,,,,,,,,,,,,,,,,,,,,,,,,,,,,,,,,,,,,,,,,,,,,,,,,,,,,,
10:56:31.929,RASS,LIMIT_SWITCH_TEST,,0,0,0,0,0,1,1,1,0,0,1.0,,,,0,0,0,,0,,,0.0,0.0,0.0,0.0,0.0,0.0,,,0,0,,,,,,,,,,,1.0,,0,0,1,1,1,1,1,0,1,0,0,1,0,0,1,0,1,0,0,,,,,,,0.0,1.0,0.0,0.0,0.0,,,,,,,,,,,,,,,,,,,,0,1,0,0,0,1,1,0,0,0,0,0,0,0,0,0,0,0,0,0,0,1,0,0,0,0,0,0,0,0,0,0,0,0,0,,,,,,,,,,,,,,,,,,,,,,,,,,,,,,,,,,,,,,,,,,,,,,,,,,,,,,,,,,,,,,,,,,,,,,,,,,,,,,,,,,,,,0.0,,0.0,1.0,,,,,,,,,,,,,,,,,,,,,,,,,,,,,,,,,,,,,,,,,,,,0,0,0,0.0,0.0,0.0,0.0,1.0,1.0,0.0,0.0,0.0,1.0,0.0,0.0,0.0,0.0,1.0,1.0,0.0,0.0,0.0,1.0,0.0,0.0,0.0,0.0,0.0,1.0,1.0,0.0,1.0,1.0,0.0,1.0,1.0,1.0,0.0,0.0,0.0,0.0,0.0,0.0,0.0,0.0,0.0,0.0,0.0,0.0,1.0,0.0,0.0,0.0,0.0,0.0,0.0,0.0,1.0,0.0,0.0,0.0,0.0,0.0,0.0,0.0,0.0,0.0,0.0,0.0,0.0,1.0,0.0,0.0,1.0,1.0,1.0,1.0,0.0,0.0,0.0,0.0,0.0,0.0,0.0,0.0,0.0,0.0,0.0,0.0,0.0,1.0,0.0,0.0,0.0,1.0,1.0,1.0,0.0,0.0,0.0,0.0,0.0,0.0,0.0,0.0,1.0,0.0,1.0,0.0,0.0,0.0,0.0,0.0,0.0,0.0,0.0,0.0,0.0,0.0,0.0,0.0,0.0,0.0,0.0,0.0,0.0,0.0,0.0,0.0,0.0,0.0,0.0,0.0,0.0,0.0,0.0,0.0,0.0,0.0,0.0,0.0,0.0,0.0,0.0,0.0,0.0,0.0,0.0,0.0,0.0,0.0,0.0,0.0,0.0,,,,,,,,,,,,,,,,,,,,,,,,,,,,,,,,,,,,,,,,,,,,,,,,,,,,,,,,,,,,,,,,,,,,,,,,,,,,,,,,,,,,,,,,,,,,,,,,,,,,,,,,,,,,,,,,,,,,,,,,,,,,,,,,,,
10:56:35.085,RASS,LIMIT_SWITCH_TEST,,0,0,0,0,0,1,1,1,0,0,1.0,,,,0,0,0,,0,,,0.0,0.0,0.0,0.0,0.0,0.0,,,0,0,,,,,,,,,,,1.0,,0,1,1,1,0,1,1,0,0,0,0,1,0,0,1,0,1,0,0,,,,,,,0.0,1.0,0.0,0.0,0.0,,,,,,,,,,,,,,,,,,,,0,1,0,0,0,1,1,0,0,0,0,0,0,0,0,0,0,0,0,0,0,1,0,0,0,0,0,0,0,0,0,0,0,0,0,,,,,,,,,,,,,,,,,,,,,,,,,,,,,,,,,,,,,,,,,,,,,,,,,,,,,,,,,,,,,,,,,,,,,,,,,,,,,,,,,,,,,0.0,,0.0,1.0,,,,,,,,,,,,,,,,,,,,,,,,,,,,,,,,,,,,,,,,,,,,0,0,0,0.0,0.0,0.0,0.0,1.0,1.0,0.0,0.0,0.0,1.0,0.0,0.0,0.0,0.0,1.0,1.0,0.0,0.0,0.0,1.0,0.0,0.0,0.0,0.0,1.0,1.0,1.0,0.0,1.0,1.0,0.0,1.0,1.0,1.0,0.0,0.0,0.0,0.0,0.0,0.0,0.0,0.0,0.0,0.0,0.0,0.0,1.0,0.0,0.0,0.0,0.0,0.0,0.0,0.0,1.0,0.0,0.0,0.0,0.0,0.0,0.0,0.0,0.0,0.0,0.0,0.0,0.0,1.0,0.0,0.0,1.0,1.0,1.0,1.0,0.0,0.0,0.0,0.0,0.0,0.0,0.0,0.0,0.0,0.0,0.0,0.0,0.0,1.0,0.0,0.0,0.0,1.0,1.0,1.0,0.0,0.0,0.0,0.0,0.0,0.0,0.0,0.0,1.0,0.0,1.0,0.0,0.0,0.0,0.0,0.0,0.0,0.0,0.0,0.0,0.0,0.0,0.0,0.0,0.0,0.0,0.0,0.0,0.0,0.0,0.0,0.0,0.0,0.0,0.0,0.0,0.0,0.0,0.0,0.0,0.0,0.0,0.0,0.0,0.0,0.0,0.0,0.0,0.0,0.0,0.0,0.0,0.0,0.0,0.0,0.0,0.0,,,,,,,,,,,,,,,,,,,,,,,,,,,,,,,,,,,,,,,,,,,,,,,,,,,,,,,,,,,,,,,,,,,,,,,,,,,,,,,,,,,,,,,,,,,,,,,,,,,,,,,,,,,,,,,,,,,,,,,,,,,,,,,,,,
10:56:16.957,MAGAZINE,LIMIT_SWITCH_TEST,,0,0,0,0,0,0,1,1,0,0,,,,,0,0,0,0.0,0,,,,,,,,,,,1,1,,,,,,,,,,,,,0,0,0,1,0,0,0,0,0,0,0,1,0,0,1,0,1,0,0,,,,,,,,,,,,,,,,,,,,,,,,,,,,,,,0,1,0,0,0,1,1,0,0,0,0,0,0,0,0,0,0,0,0,0,0,1,0,0,0,0,0,0,0,0,0,0,0,0,0,,,,,,,,,,,,,,,,,,,,,,,,,,,,,,,,,,,,,,,,,,,,,,,,,,,,,,,,,,,,,,,,,,,,,,,,,,,,,,,,,,,,,,,0.0,1.0,,,,,,,,,,,,,,,,,,,,,,,,,,,,,,,,,,,,,,,,,,,,0,0,0,,,,,,,,,,,,,,,,,,,,,,,,,,,,,,,,,,,,,,,,,0.0,0.0,0.0,0.0,0.0,0.0,,,,,,,,,,,,,,,,,,,,,,,,,,,,,,,,,,,,,,,,,,,,,,,,,,,,,,,,,,,,,,,,,,,,,,,,,,,,,,,,,,,,,,,,,,,,0.0,0.0,0.0,0.0,0.0,0.0,0.0,0.0,0.0,0.0,0.0,0.0,1.0,0.0,0.0,0.0,0.0,1.0,0.0,0.0,0.0,0.0,1.0,0.0,1.0,0.0,1.0,0.0,0.0,0.0,0.0,0.0,0.0,0.0,0.0,0.0,0.0,1.0,0.0,1.0,0.0,0.0,0.0,0.0,0.0,1.0,1.0,0.0,1.0,0.0,1.0,1.0,0.0,0.0,0.0,0.0,0.0,0.0,0.0,0.0,1.0,0.0,0.0,0.0,0.0,0.0,1.0,0.0,0.0,1.0,0.0,1.0,1.0,0.0,0.0,0.0,0.0,0.0,0.0,0.0,0.0,1.0,0.0,0.0,0.0,0.0,0.0,1.0,1.0,0.0,1.0,0.0,1.0,1.0,0.0,0.0,0.0,0.0,0.0,0.0,0.0,0.0,1.0,0.0,0.0,0.0,0.0,0.0,1.0,0.0,1.0,0.0,1.0,0.0,0.0,1.0,0.0,1.0,0.0,0.0,0.0,1.0,0.0,,,,,,,,,,,,,,,,,,,,,
10:56:20.113,MAGAZINE,LIMIT_SWITCH_TEST,,0,0,0,0,0,0,1,1,0,0,,,,,0,0,0,0.0,0,,,,,,,,,,,1,0,,,,,,,,,,,,,0,0,0,1,0,0,1,0,0,0,0,1,0,0,1,0,1,0,0,,,,,,,,,,,,,,,,,,,,,,,,,,,,,,,0,1,0,0,0,1,1,0,0,0,0,0,0,0,0,0,0,0,0,0,0,1,0,0,0,0,0,0,0,0,0,0,0,0,0,,,,,,,,,,,,,,,,,,,,,,,,,,,,,,,,,,,,,,,,,,,,,,,,,,,,,,,,,,,,,,,,,,,,,,,,,,,,,,,,,,,,,,,0.0,1.0,,,,,,,,,,,,,,,,,,,,,,,,,,,,,,,,,,,,,,,,,,,,0,0,0,,,,,,,,,,,,,,,,,,,,,,,,,,,,,,,,,,,,,,,,,0.0,0.0,0.0,0.0,0.0,0.0,,,,,,,,,,,,,,,,,,,,,,,,,,,,,,,,,,,,,,,,,,,,,,,,,,,,,,,,,,,,,,,,,,,,,,,,,,,,,,,,,,,,,,,,,,,,0.0,0.0,0.0,0.0,0.0,0.0,0.0,0.0,0.0,0.0,0.0,0.0,1.0,0.0,0.0,0.0,0.0,1.0,0.0,0.0,0.0,0.0,1.0,0.0,1.0,0.0,1.0,0.0,0.0,0.0,0.0,0.0,0.0,0.0,0.0,0.0,0.0,1.0,0.0,1.0,0.0,0.0,0.0,0.0,0.0,1.0,1.0,0.0,1.0,0.0,1.0,1.0,0.0,0.0,0.0,0.0,0.0,0.0,0.0,0.0,1.0,0.0,0.0,0.0,0.0,0.0,1.0,0.0,0.0,1.0,0.0,1.0,1.0,0.0,0.0,0.0,0.0,0.0,0.0,0.0,0.0,1.0,0.0,0.0,0.0,0.0,0.0,1.0,1.0,0.0,1.0,0.0,1.0,1.0,0.0,0.0,0.0,0.0,0.0,0.0,0.0,0.0,1.0,0.0,0.0,0.0,0.0,0.0,1.0,0.0,1.0,0.0,1.0,0.0,0.0,1.0,0.0,1.0,0.0,0.0,0.0,1.0,0.0,,,,,,,,,,,,,,,,,,,,,
10:56:23.333,MAGAZINE,LIMIT_SWITCH_TEST,,0,0,0,0,0,0,1,1,0,0,,,,,0,0,0,0.0,0,,,,,,,,,,,1,0,,,,,,,,,,,,,0,0,1,1,1,0,1,0,1,0,0,1,0,0,1,0,1,0,0,,,,,,,,,,,,,,,,,,,,,,,,,,,,,,,0,1,0,0,0,1,1,0,0,0,0,0,0,0,0,0,0,0,0,0,0,1,0,0,0,0,0,0,0,0,0,0,0,0,0,,,,,,,,,,,,,,,,,,,,,,,,,,,,,,,,,,,,,,,,,,,,,,,,,,,,,,,,,,,,,,,,,,,,,,,,,,,,,,,,,,,,,,,0.0,1.0,,,,,,,,,,,,,,,,,,,,,,,,,,,,,,,,,,,,,,,,,,,,0,0,0,,,,,,,,,,,,,,,,,,,,,,,,,,,,,,,,,,,,,,,,,0.0,0.0,0.0,0.0,0.0,0.0,,,,,,,,,,,,,,,,,,,,,,,,,,,,,,,,,,,,,,,,,,,,,,,,,,,,,,,,,,,,,,,,,,,,,,,,,,,,,,,,,,,,,,,,,,,,0.0,0.0,0.0,0.0,0.0,0.0,0.0,0.0,0.0,0.0,0.0,0.0,1.0,0.0,0.0,0.0,0.0,1.0,0.0,0.0,0.0,0.0,1.0,0.0,1.0,0.0,1.0,0.0,0.0,0.0,0.0,0.0,0.0,0.0,0.0,0.0,0.0,1.0,0.0,1.0,0.0,0.0,0.0,0.0,0.0,1.0,1.0,0.0,1.0,0.0,1.0,1.0,0.0,0.0,0.0,0.0,0.0,0.0,0.0,0.0,1.0,0.0,0.0,0.0,0.0,0.0,1.0,0.0,0.0,1.0,0.0,1.0,1.0,0.0,0.0,0.0,0.0,0.0,0.0,0.0,0.0,1.0,0.0,0.0,0.0,0.0,0.0,1.0,1.0,0.0,1.0,0.0,1.0,1.0,0.0,0.0,0.0,0.0,0.0,0.0,0.0,0.0,1.0,0.0,0.0,0.0,0.0,0.0,1.0,0.0,1.0,0.0,1.0,0.0,0.0,1.0,0.0,1.0,0.0,0.0,0.0,1.0,0.0,,,,,,,,,,,,,,,,,,,,,
10:56:26.461,MAGAZINE,LIMIT_SWITCH_TEST,,0,0,0,0,0,0,1,1,0,0,,,,,0,0,0,0.0,0,,,,,,,,,,,1,0,,,,,,,,,,,,,0,0,1,1,0,0,1,0,0,0,0,1,0,0,1,0,1,0,0,,,,,,,,,,,,,,,,,,,,,,,,,,,,,,,0,1,0,0,0,1,1,0,0,0,0,0,0,0,0,0,0,0,0,0,0,1,0,0,0,0,0,0,0,0,0,0,0,0,0,,,,,,,,,,,,,,,,,,,,,,,,,,,,,,,,,,,,,,,,,,,,,,,,,,,,,,,,,,,,,,,,,,,,,,,,,,,,,,,,,,,,,,,0.0,1.0,,,,,,,,,,,,,,,,,,,,,,,,,,,,,,,,,,,,,,,,,,,,0,0,0,,,,,,,,,,,,,,,,,,,,,,,,,,,,,,,,,,,,,,,,,0.0,0.0,0.0,0.0,0.0,0.0,,,,,,,,,,,,,,,,,,,,,,,,,,,,,,,,,,,,,,,,,,,,,,,,,,,,,,,,,,,,,,,,,,,,,,,,,,,,,,,,,,,,,,,,,,,,0.0,0.0,0.0,0.0,0.0,0.0,0.0,0.0,0.0,0.0,0.0,0.0,1.0,0.0,0.0,0.0,0.0,1.0,0.0,0.0,0.0,0.0,1.0,0.0,1.0,0.0,1.0,0.0,0.0,0.0,0.0,0.0,0.0,0.0,0.0,0.0,0.0,1.0,0.0,1.0,0.0,0.0,0.0,0.0,0.0,1.0,1.0,0.0,1.0,0.0,1.0,1.0,0.0,0.0,0.0,0.0,0.0,0.0,0.0,0.0,1.0,0.0,0.0,0.0,0.0,0.0,1.0,0.0,0.0,1.0,0.0,1.0,1.0,0.0,0.0,0.0,0.0,0.0,0.0,0.0,0.0,1.0,0.0,0.0,0.0,0.0,0.0,1.0,1.0,0.0,1.0,0.0,1.0,1.0,0.0,0.0,0.0,0.0,0.0,0.0,0.0,0.0,1.0,0.0,0.0,0.0,0.0,0.0,1.0,0.0,1.0,0.0,1.0,0.0,0.0,1.0,0.0,1.0,0.0,0.0,0.0,1.0,0.0,,,,,,,,,,,,,,,,,,,,,
10:56:29.622,MAGAZINE,LIMIT_SWITCH_TEST,,0,0,0,0,0,0,1,1,0,0,,,,,0,0,0,0.0,0,,,,,,,,,,,1,0,,,,,,,,,,,,,0,1,1,1,0,0,0,0,1,0,0,1,0,0,1,0,1,0,0,,,,,,,,,,,,,,,,,,,,,,,,,,,,,,,0,1,0,0,0,1,1,0,0,0,0,0,0,0,0,0,0,0,0,0,0,1,0,0,0,0,0,0,0,0,0,0,0,0,0,,,,,,,,,,,,,,,,,,,,,,,,,,,,,,,,,,,,,,,,,,,,,,,,,,,,,,,,,,,,,,,,,,,,,,,,,,,,,,,,,,,,,,,0.0,1.0,,,,,,,,,,,,,,,,,,,,,,,,,,,,,,,,,,,,,,,,,,,,0,0,0,,,,,,,,,,,,,,,,,,,,,,,,,,,,,,,,,,,,,,,,,0.0,0.0,0.0,0.0,0.0,0.0,,,,,,,,,,,,,,,,,,,,,,,,,,,,,,,,,,,,,,,,,,,,,,,,,,,,,,,,,,,,,,,,,,,,,,,,,,,,,,,,,,,,,,,,,,,,0.0,0.0,0.0,0.0,0.0,0.0,0.0,0.0,0.0,0.0,0.0,0.0,1.0,0.0,0.0,0.0,0.0,1.0,0.0,0.0,0.0,0.0,1.0,0.0,1.0,0.0,1.0,0.0,0.0,0.0,0.0,0.0,0.0,0.0,0.0,0.0,0.0,1.0,0.0,1.0,0.0,0.0,0.0,0.0,0.0,1.0,1.0,0.0,1.0,0.0,1.0,1.0,0.0,0.0,0.0,0.0,0.0,0.0,0.0,0.0,1.0,0.0,0.0,0.0,0.0,0.0,1.0,0.0,0.0,1.0,0.0,1.0,1.0,0.0,0.0,0.0,0.0,0.0,0.0,0.0,0.0,1.0,0.0,0.0,0.0,0.0,0.0,1.0,1.0,0.0,1.0,0.0,1.0,1.0,0.0,0.0,0.0,0.0,0.0,0.0,0.0,0.0,1.0,0.0,0.0,0.0,0.0,0.0,1.0,0.0,1.0,0.0,1.0,0.0,0.0,1.0,0.0,1.0,0.0,0.0,0.0,1.0,0.0,,,,,,,,,,,,,,,,,,,,,
10:56:32.783,MAGAZINE,LIMIT_SWITCH_TEST,,0,0,0,0,0,0,1,1,0,0,,,,,0,0,0,0.0,0,,,,,,,,,,,1,0,,,,,,,,,,,,,0,0,1,1,1,0,0,0,0,0,0,1,0,0,1,0,1,0,0,,,,,,,,,,,,,,,,,,,,,,,,,,,,,,,0,1,0,0,0,1,1,0,0,0,0,0,0,0,0,0,0,0,0,0,0,1,0,0,0,0,0,0,0,0,0,0,0,0,0,,,,,,,,,,,,,,,,,,,,,,,,,,,,,,,,,,,,,,,,,,,,,,,,,,,,,,,,,,,,,,,,,,,,,,,,,,,,,,,,,,,,,,,0.0,1.0,,,,,,,,,,,,,,,,,,,,,,,,,,,,,,,,,,,,,,,,,,,,0,0,0,,,,,,,,,,,,,,,,,,,,,,,,,,,,,,,,,,,,,,,,,0.0,0.0,0.0,0.0,0.0,0.0,,,,,,,,,,,,,,,,,,,,,,,,,,,,,,,,,,,,,,,,,,,,,,,,,,,,,,,,,,,,,,,,,,,,,,,,,,,,,,,,,,,,,,,,,,,,0.0,0.0,0.0,0.0,0.0,0.0,0.0,0.0,0.0,0.0,0.0,0.0,1.0,0.0,0.0,0.0,0.0,1.0,0.0,0.0,0.0,0.0,1.0,0.0,1.0,0.0,1.0,0.0,0.0,0.0,0.0,0.0,0.0,0.0,0.0,0.0,0.0,1.0,0.0,1.0,0.0,0.0,0.0,0.0,0.0,1.0,1.0,0.0,1.0,0.0,1.0,1.0,0.0,0.0,0.0,0.0,0.0,0.0,0.0,0.0,1.0,0.0,0.0,0.0,0.0,0.0,1.0,0.0,0.0,1.0,0.0,1.0,1.0,0.0,0.0,0.0,0.0,0.0,0.0,0.0,0.0,1.0,0.0,0.0,0.0,0.0,0.0,1.0,1.0,0.0,1.0,0.0,1.0,1.0,0.0,0.0,0.0,0.0,0.0,0.0,0.0,0.0,1.0,0.0,0.0,0.0,0.0,0.0,1.0,0.0,1.0,0.0,1.0,0.0,0.0,1.0,0.0,1.0,0.0,0.0,0.0,1.0,0.0,,,,,,,,,,,,,,,,,,,,,
10:56:35.886,MAGAZINE,LIMIT_SWITCH_TEST,,0,0,0,0,0,0,1,1,0,0,,,,,0,0,0,0.0,0,,,,,,,,,,,1,0,,,,,,,,,,,,,0,0,0,0,1,1,0,0,1,0,0,1,0,0,1,0,1,0,0,,,,,,,,,,,,,,,,,,,,,,,,,,,,,,,0,1,0,0,0,1,1,0,0,0,0,0,0,0,0,0,0,0,0,0,0,1,0,0,0,0,0,0,0,0,0,0,0,0,0,,,,,,,,,,,,,,,,,,,,,,,,,,,,,,,,,,,,,,,,,,,,,,,,,,,,,,,,,,,,,,,,,,,,,,,,,,,,,,,,,,,,,,,0.0,1.0,,,,,,,,,,,,,,,,,,,,,,,,,,,,,,,,,,,,,,,,,,,,0,0,0,,,,,,,,,,,,,,,,,,,,,,,,,,,,,,,,,,,,,,,,,0.0,0.0,0.0,0.0,0.0,0.0,,,,,,,,,,,,,,,,,,,,,,,,,,,,,,,,,,,,,,,,,,,,,,,,,,,,,,,,,,,,,,,,,,,,,,,,,,,,,,,,,,,,,,,,,,,,0.0,0.0,0.0,0.0,0.0,0.0,0.0,0.0,0.0,0.0,0.0,0.0,1.0,0.0,0.0,0.0,0.0,1.0,0.0,0.0,0.0,0.0,1.0,0.0,1.0,0.0,1.0,0.0,0.0,0.0,0.0,0.0,0.0,0.0,0.0,0.0,0.0,1.0,0.0,1.0,0.0,0.0,0.0,0.0,0.0,1.0,1.0,0.0,1.0,0.0,1.0,1.0,0.0,0.0,0.0,0.0,0.0,0.0,0.0,0.0,1.0,0.0,0.0,0.0,0.0,0.0,1.0,0.0,0.0,1.0,0.0,1.0,1.0,0.0,0.0,0.0,0.0,0.0,0.0,0.0,0.0,1.0,0.0,0.0,0.0,0.0,0.0,1.0,1.0,0.0,1.0,0.0,1.0,1.0,0.0,0.0,0.0,0.0,0.0,0.0,0.0,0.0,1.0,0.0,0.0,0.0,0.0,0.0,1.0,0.0,1.0,0.0,1.0,0.0,0.0,1.0,0.0,1.0,0.0,0.0,0.0,1.0,0.0,,,,,,,,,,,,,,,,,,,,,
10:56:15.581,MPRESS,LIMIT_SWITCH_TEST,,0,0,0,0,0,1,1,1,0,0,,,,,0,0,0,0.0,0,,,,,,,,,,,0,1,,,,,,,,,,,,,0,0,1,1,1,0,0,0,1,0,0,1,0,0,1,0,1,0,0,,,,,,,,,,,,,,,,,,,,,,,,,,,,,,,0,1,0,0,0,1,1,0,0,0,0,0,0,0,0,0,0,0,0,0,0,1,0,0,0,0,0,0,0,0,0,0,0,0,0,,,,,,,,,,,,,,,,,,,,,,,,,,,,,,,,,,,,,,,,,,,,,,,,,,,,,,,,,,,,,,,,,,,,,,,,,,,,,,,,,,,,,,,,,,,,,,,,,,,,,,,,,,,,,,,,,,,,,,,,,,,,,,,,,,,,0,0,0,,,,,,,,,,,,,,,,,,,,,,,,,,,,,,,,,,,,,,,,,0.0,0.0,0.0,0.0,0.0,0.0,,,,,,,,,,,,,,,,,,,,,,,,,,,,,,,,,,,,,,,,,,,,,,,,,,,,,,,,,,,,,,,,,,,,,,,,,,,,,,,,,,,,,,,,,,,,0.0,0.0,0.0,0.0,0.0,0.0,0.0,0.0,0.0,0.0,0.0,0.0,1.0,0.0,0.0,0.0,0.0,1.0,0.0,0.0,0.0,0.0,,,,,,0.0,,,0.0,0.0,0.0,0.0,0.0,0.0,0.0,,,,,,0.0,0.0,,0.0,0.0,0.0,0.0,0.0,0.0,0.0,0.0,0.0,0.0,0.0,0.0,0.0,0.0,0.0,0.0,0.0,0.0,0.0,0.0,0.0,1.0,0.0,0.0,1.0,0.0,1.0,1.0,0.0,0.0,0.0,0.0,0.0,0.0,0.0,0.0,1.0,0.0,0.0,0.0,0.0,0.0,0.0,0.0,0.0,0.0,0.0,0.0,0.0,0.0,0.0,0.0,0.0,0.0,0.0,0.0,0.0,0.0,0.0,0.0,0.0,0.0,0.0,,,,,,,,,,,,,,1.0,0.0,0.0,0.0,0.0,0.0,0.0,0.0,0.0,1.0,0.0,0.0,0.0,0.0,0.0,0.0,1.0,0.0,0.0,0.0,0.0,0.0,1.0
10:56:18.552,MPRESS,LIMIT_SWITCH_TEST,,0,0,0,0,0,1,1,1,0,0,,,,,0,0,0,0.0,0,,,,,,,,,,,1,1,,,,,,,,,,,,,0,1,1,0,0,1,0,0,0,0,0,1,0,0,1,0,1,0,0,,,,,,,,,,,,,,,,,,,,,,,,,,,,,,,0,1,0,0,0,1,1,0,0,0,0,0,0,0,0,0,0,0,0,0,0,1,0,0,0,0,0,0,0,0,0,0,0,0,0,,,,,,,,,,,,,,,,,,,,,,,,,,,,,,,,,,,,,,,,,,,,,,,,,,,,,,,,,,,,,,,,,,,,,,,,,,,,,,,,,,,,,,,,,,,,,,,,,,,,,,,,,,,,,,,,,,,,,,,,,,,,,,,,,,,,0,0,0,,,,,,,,,,,,,,,,,,,,,,,,,,,,,,,,,,,,,,,,,0.0,0.0,0.0,0.0,0.0,0.0,,,,,,,,,,,,,,,,,,,,,,,,,,,,,,,,,,,,,,,,,,,,,,,,,,,,,,,,,,,,,,,,,,,,,,,,,,,,,,,,,,,,,,,,,,,,0.0,0.0,0.0,0.0,0.0,0.0,0.0,0.0,0.0,0.0,0.0,0.0,1.0,0.0,0.0,0.0,0.0,1.0,0.0,0.0,0.0,0.0,,,,,,0.0,,,0.0,0.0,0.0,0.0,0.0,0.0,0.0,,,,,,0.0,0.0,,0.0,0.0,0.0,0.0,0.0,0.0,0.0,0.0,0.0,0.0,0.0,0.0,0.0,0.0,0.0,0.0,0.0,0.0,0.0,0.0,0.0,1.0,0.0,0.0,1.0,0.0,1.0,1.0,0.0,0.0,0.0,0.0,0.0,0.0,0.0,0.0,1.0,0.0,0.0,0.0,0.0,0.0,0.0,0.0,0.0,0.0,0.0,0.0,0.0,0.0,0.0,0.0,0.0,0.0,0.0,0.0,0.0,0.0,0.0,0.0,0.0,0.0,0.0,,,,,,,,,,,,,,1.0,0.0,0.0,0.0,0.0,0.0,0.0,0.0,0.0,1.0,0.0,0.0,0.0,0.0,0.0,0.0,1.0,0.0,0.0,0.0,0.0,0.0,1.0
10:56:21.652,MPRESS,LIMIT_SWITCH_TEST,,0,0,0,0,0,1,1,1,0,0,,,,,0,0,0,0.0,0,,,,,,,,,,,0,1,,,,,,,,,,,,,0,0,0,1,1,1,0,0,1,0,0,1,0,0,1,0,1,0,0,,,,,,,,,,,,,,,,,,,,,,,,,,,,,,,0,1,0,0,0,1,1,0,0,0,0,0,0,0,0,0,0,0,0,0,0,1,0,0,0,0,0,0,0,0,0,0,0,0,0,,,,,,,,,,,,,,,,,,,,,,,,,,,,,,,,,,,,,,,,,,,,,,,,,,,,,,,,,,,,,,,,,,,,,,,,,,,,,,,,,,,,,,,,,,,,,,,,,,,,,,,,,,,,,,,,,,,,,,,,,,,,,,,,,,,,0,0,0,,,,,,,,,,,,,,,,,,,,,,,,,,,,,,,,,,,,,,,,,0.0,0.0,0.0,0.0,0.0,0.0,,,,,,,,,,,,,,,,,,,,,,,,,,,,,,,,,,,,,,,,,,,,,,,,,,,,,,,,,,,,,,,,,,,,,,,,,,,,,,,,,,,,,,,,,,,,0.0,0.0,0.0,0.0,0.0,0.0,0.0,0.0,0.0,0.0,0.0,0.0,1.0,0.0,0.0,0.0,0.0,1.0,0.0,0.0,0.0,0.0,,,,,,0.0,,,0.0,0.0,0.0,0.0,0.0,0.0,0.0,,,,,,0.0,0.0,,0.0,0.0,0.0,0.0,0.0,0.0,0.0,0.0,0.0,0.0,0.0,0.0,0.0,0.0,0.0,0.0,0.0,0.0,0.0,0.0,0.0,1.0,0.0,0.0,1.0,0.0,1.0,1.0,0.0,0.0,0.0,0.0,0.0,0.0,0.0,0.0,1.0,0.0,0.0,0.0,0.0,0.0,0.0,0.0,0.0,0.0,0.0,0.0,0.0,0.0,0.0,0.0,0.0,0.0,0.0,0.0,0.0,0.0,0.0,0.0,0.0,0.0,0.0,,,,,,,,,,,,,,1.0,0.0,0.0,0.0,0.0,0.0,0.0,0.0,0.0,1.0,0.0,0.0,0.0,0.0,0.0,0.0,1.0,0.0,0.0,0.0,0.0,0.0,1.0
10:56:24.690,MPRESS,LIMIT_SWITCH_TEST,,0,0,0,0,0,1,1,1,0,0,,,,,0,0,0,0.0,0,,,,,,,,,,,0,1,,,,,,,,,,,,,0,0,0,1,1,1,0,0,0,0,0,1,0,0,1,0,1,0,0,,,,,,,,,,,,,,,,,,,,,,,,,,,,,,,0,1,0,0,0,1,1,0,0,0,0,0,0,0,0,0,0,0,0,0,0,1,0,0,0,0,0,0,0,0,0,0,0,0,0,,,,,,,,,,,,,,,,,,,,,,,,,,,,,,,,,,,,,,,,,,,,,,,,,,,,,,,,,,,,,,,,,,,,,,,,,,,,,,,,,,,,,,,,,,,,,,,,,,,,,,,,,,,,,,,,,,,,,,,,,,,,,,,,,,,,0,0,0,,,,,,,,,,,,,,,,,,,,,,,,,,,,,,,,,,,,,,,,,0.0,0.0,0.0,0.0,0.0,0.0,,,,,,,,,,,,,,,,,,,,,,,,,,,,,,,,,,,,,,,,,,,,,,,,,,,,,,,,,,,,,,,,,,,,,,,,,,,,,,,,,,,,,,,,,,,,0.0,0.0,0.0,0.0,0.0,0.0,0.0,0.0,0.0,0.0,0.0,0.0,1.0,0.0,0.0,0.0,0.0,1.0,0.0,0.0,0.0,0.0,,,,,,0.0,,,0.0,0.0,0.0,0.0,0.0,0.0,0.0,,,,,,0.0,0.0,,0.0,0.0,0.0,0.0,0.0,0.0,0.0,0.0,0.0,0.0,0.0,0.0,0.0,0.0,0.0,0.0,0.0,0.0,0.0,0.0,0.0,1.0,0.0,0.0,1.0,0.0,1.0,1.0,0.0,0.0,0.0,0.0,0.0,0.0,0.0,0.0,1.0,0.0,0.0,0.0,0.0,0.0,0.0,0.0,0.0,0.0,0.0,0.0,0.0,0.0,0.0,0.0,0.0,0.0,0.0,0.0,0.0,0.0,0.0,0.0,0.0,0.0,0.0,,,,,,,,,,,,,,1.0,0.0,0.0,0.0,0.0,0.0,0.0,0.0,0.0,1.0,0.0,0.0,0.0,0.0,0.0,0.0,1.0,0.0,0.0,0.0,0.0,0.0,1.0
10:56:27.712,MPRESS,LIMIT_SWITCH_TEST,,0,0,0,0,0,1,1,1,0,0,,,,,0,0,0,0.0,0,,,,,,,,,,,0,1,,,,,,,,,,,,,0,0,1,0,1,0,0,1,1,0,0,1,0,0,1,0,1,0,0,,,,,,,,,,,,,,,,,,,,,,,,,,,,,,,0,1,0,0,0,1,1,0,0,0,0,0,0,0,0,0,0,0,0,0,0,1,0,0,0,0,0,0,0,0,0,0,0,0,0,,,,,,,,,,,,,,,,,,,,,,,,,,,,,,,,,,,,,,,,,,,,,,,,,,,,,,,,,,,,,,,,,,,,,,,,,,,,,,,,,,,,,,,,,,,,,,,,,,,,,,,,,,,,,,,,,,,,,,,,,,,,,,,,,,,,0,0,0,,,,,,,,,,,,,,,,,,,,,,,,,,,,,,,,,,,,,,,,,0.0,0.0,0.0,0.0,0.0,0.0,,,,,,,,,,,,,,,,,,,,,,,,,,,,,,,,,,,,,,,,,,,,,,,,,,,,,,,,,,,,,,,,,,,,,,,,,,,,,,,,,,,,,,,,,,,,0.0,0.0,0.0,0.0,0.0,0.0,0.0,0.0,0.0,0.0,0.0,0.0,1.0,0.0,0.0,0.0,0.0,1.0,0.0,0.0,0.0,0.0,,,,,,0.0,,,0.0,0.0,0.0,0.0,0.0,0.0,0.0,,,,,,0.0,0.0,,0.0,0.0,0.0,0.0,0.0,0.0,0.0,0.0,0.0,0.0,0.0,0.0,0.0,0.0,0.0,0.0,0.0,0.0,0.0,0.0,0.0,1.0,0.0,0.0,1.0,0.0,1.0,1.0,0.0,0.0,0.0,0.0,0.0,0.0,0.0,0.0,1.0,0.0,0.0,0.0,0.0,0.0,0.0,0.0,0.0,0.0,0.0,0.0,0.0,0.0,0.0,0.0,0.0,0.0,0.0,0.0,0.0,0.0,0.0,0.0,0.0,0.0,0.0,,,,,,,,,,,,,,1.0,0.0,0.0,0.0,0.0,0.0,0.0,0.0,0.0,1.0,0.0,0.0,0.0,0.0,0.0,0.0,1.0,0.0,0.0,0.0,0.0,0.0,1.0
10:56:30.728,MPRESS,LIMIT_SWITCH_TEST,,0,0,0,0,0,1,1,1,0,0,,,,,0,0,0,0.0,0,,,,,,,,,,,0,1,,,,,,,,,,,,,0,1,1,1,1,0,0,1,0,0,0,1,0,0,1,0,1,0,0,,,,,,,,,,,,,,,,,,,,,,,,,,,,,,,0,1,0,0,0,1,1,0,0,0,0,0,0,0,0,0,0,0,0,0,0,1,0,0,0,0,0,0,0,0,0,0,0,0,0,,,,,,,,,,,,,,,,,,,,,,,,,,,,,,,,,,,,,,,,,,,,,,,,,,,,,,,,,,,,,,,,,,,,,,,,,,,,,,,,,,,,,,,,,,,,,,,,,,,,,,,,,,,,,,,,,,,,,,,,,,,,,,,,,,,,0,0,0,,,,,,,,,,,,,,,,,,,,,,,,,,,,,,,,,,,,,,,,,0.0,0.0,0.0,0.0,0.0,0.0,,,,,,,,,,,,,,,,,,,,,,,,,,,,,,,,,,,,,,,,,,,,,,,,,,,,,,,,,,,,,,,,,,,,,,,,,,,,,,,,,,,,,,,,,,,,0.0,0.0,0.0,0.0,0.0,0.0,0.0,0.0,0.0,0.0,0.0,0.0,1.0,0.0,0.0,0.0,0.0,1.0,0.0,0.0,0.0,0.0,,,,,,0.0,,,0.0,0.0,0.0,0.0,0.0,0.0,0.0,,,,,,0.0,0.0,,0.0,0.0,0.0,0.0,0.0,0.0,0.0,0.0,0.0,0.0,0.0,0.0,0.0,0.0,0.0,0.0,0.0,0.0,0.0,0.0,0.0,1.0,0.0,0.0,1.0,0.0,1.0,1.0,0.0,0.0,0.0,0.0,0.0,0.0,0.0,0.0,1.0,0.0,0.0,0.0,0.0,0.0,0.0,0.0,0.0,0.0,0.0,0.0,0.0,0.0,0.0,0.0,0.0,0.0,0.0,0.0,0.0,0.0,0.0,0.0,0.0,0.0,0.0,,,,,,,,,,,,,,1.0,0.0,0.0,0.0,0.0,0.0,0.0,0.0,0.0,1.0,0.0,0.0,0.0,0.0,0.0,0.0,1.0,0.0,0.0,0.0,0.0,0.0,1.0
10:56:33.746,MPRESS,LIMIT_SWITCH_TEST,,0,0,0,0,0,1,1,1,0,0,,,,,0,0,0,0.0,0,,,,,,,,,,,0,1,,,,,,,,,,,,,0,1,1,0,1,1,0,1,1,0,0,1,0,0,1,0,1,0,0,,,,,,,,,,,,,,,,,,,,,,,,,,,,,,,0,1,0,0,0,1,1,0,0,0,0,0,0,0,0,0,0,0,0,0,0,1,0,0,0,0,0,0,0,0,0,0,0,0,0,,,,,,,,,,,,,,,,,,,,,,,,,,,,,,,,,,,,,,,,,,,,,,,,,,,,,,,,,,,,,,,,,,,,,,,,,,,,,,,,,,,,,,,,,,,,,,,,,,,,,,,,,,,,,,,,,,,,,,,,,,,,,,,,,,,,0,0,0,,,,,,,,,,,,,,,,,,,,,,,,,,,,,,,,,,,,,,,,,0.0,0.0,0.0,0.0,0.0,0.0,,,,,,,,,,,,,,,,,,,,,,,,,,,,,,,,,,,,,,,,,,,,,,,,,,,,,,,,,,,,,,,,,,,,,,,,,,,,,,,,,,,,,,,,,,,,0.0,0.0,0.0,0.0,0.0,0.0,0.0,0.0,0.0,0.0,0.0,0.0,1.0,0.0,0.0,0.0,0.0,1.0,0.0,0.0,0.0,0.0,,,,,,0.0,,,0.0,0.0,0.0,0.0,0.0,0.0,0.0,,,,,,0.0,0.0,,0.0,0.0,0.0,0.0,0.0,0.0,0.0,0.0,0.0,0.0,0.0,0.0,0.0,0.0,0.0,0.0,0.0,0.0,0.0,0.0,0.0,1.0,0.0,0.0,1.0,0.0,1.0,1.0,0.0,0.0,0.0,0.0,0.0,0.0,0.0,0.0,1.0,0.0,0.0,0.0,0.0,0.0,0.0,0.0,0.0,0.0,0.0,0.0,0.0,0.0,0.0,0.0,0.0,0.0,0.0,0.0,0.0,0.0,0.0,0.0,0.0,0.0,0.0,,,,,,,,,,,,,,1.0,0.0,0.0,0.0,0.0,0.0,0.0,0.0,0.0,1.0,0.0,0.0,0.0,0.0,0.0,0.0,1.0,0.0,0.0,0.0,0.0,0.0,1.0
10:56:36.708,MPRESS,LIMIT_SWITCH_TEST,,0,0,0,0,0,1,1,1,0,0,,,,,0,0,0,0.0,0,,,,,,,,,,,0,1,,,,,,,,,,,,,0,0,0,1,1,1,0,1,0,0,0,1,0,0,1,0,1,0,0,,,,,,,,,,,,,,,,,,,,,,,,,,,,,,,0,1,0,0,0,1,1,0,0,0,0,0,0,0,0,0,0,0,0,0,0,1,0,0,0,0,0,0,0,0,0,0,0,0,0,,,,,,,,,,,,,,,,,,,,,,,,,,,,,,,,,,,,,,,,,,,,,,,,,,,,,,,,,,,,,,,,,,,,,,,,,,,,,,,,,,,,,,,,,,,,,,,,,,,,,,,,,,,,,,,,,,,,,,,,,,,,,,,,,,,,0,0,0,,,,,,,,,,,,,,,,,,,,,,,,,,,,,,,,,,,,,,,,,0.0,0.0,0.0,0.0,0.0,0.0,,,,,,,,,,,,,,,,,,,,,,,,,,,,,,,,,,,,,,,,,,,,,,,,,,,,,,,,,,,,,,,,,,,,,,,,,,,,,,,,,,,,,,,,,,,,0.0,0.0,0.0,0.0,0.0,0.0,0.0,0.0,0.0,0.0,0.0,0.0,1.0,0.0,0.0,0.0,0.0,1.0,0.0,0.0,0.0,0.0,,,,,,0.0,,,0.0,0.0,0.0,0.0,0.0,0.0,0.0,,,,,,0.0,0.0,,0.0,0.0,0.0,0.0,0.0,0.0,0.0,0.0,0.0,0.0,0.0,0.0,0.0,0.0,0.0,0.0,0.0,0.0,0.0,0.0,0.0,1.0,0.0,0.0,1.0,0.0,1.0,1.0,0.0,0.0,0.0,0.0,0.0,0.0,0.0,0.0,1.0,0.0,0.0,0.0,0.0,0.0,0.0,0.0,0.0,0.0,0.0,0.0,0.0,0.0,0.0,0.0,0.0,0.0,0.0,0.0,0.0,0.0,0.0,0.0,0.0,0.0,0.0,,,,,,,,,,,,,,1.0,0.0,0.0,0.0,0.0,0.0,0.0,0.0,0.0,1.0,0.0,0.0,0.0,0.0,0.0,0.0,1.0,0.0,0.0,0.0,0.0,0.0,1.0
