Failure_Mode_ID,Failure_Mode_Name,Component,Failure_Cause,Effect_on_Production,Probability_P,Severity_S,Detection_D,RPN,Primary_Sensors_Affected,Signal_Signature,How_to_Induce_Passively,Condition_Monitoring_Method,Recommended_Action
FM-01,Pressure Drop (Air Leak),Pneumatic Supply Line,Worn seal / loose push-in fitting,Actuators slow down or fail to complete stroke; cycle time increases; quality risk,3,6,4,72,Pressure + Flow,"Pressure < 6.5 bar; Flow increases slightly (system compensates)",Turn main pressure regulator down to ~5.0 bar,Continuous pressure monitoring with low-pressure threshold alarm,Inspect all push-in fittings and seals; tighten or replace
FM-02,Partial Flow Restriction (Valve Clog),Pneumatic Directional Valve / Tubing,Partially clogged valve or kinked tubing,Actuator moves slower; longer cycle times; incomplete strokes possible,3,5,5,75,Flow + Pressure,"Flow drops ~50%; Pressure remains near nominal; cycle time increases",Partially close a manual inline needle valve to ~50% open,Continuous flow monitoring with low-flow threshold alarm,Clean or replace directional valve; inspect tubing for kinks
FM-03,Complete Flow Blockage (Stuck Actuator),Pneumatic Actuator / Solenoid Valve,Fully seized actuator or completely closed solenoid valve,Station stalls; production stops at that station; downstream starved,2,8,3,48,Flow + ActivePowerTotal,"Flow drops to ~0 L/min; Pressure elevated; TotalPower drops to idle",Fully close manual flow control valve to one actuator circuit,Continuous flow monitoring with zero-flow alarm; cycle-time watchdog,Replace seized actuator or failed solenoid valve immediately
FM-04,Motor Overload (Mechanical Resistance),Conveyor Drive Motor / Belt,Bearing wear / belt misalignment / overloaded pallet,Motor draws excess current; risk of thermal overtrip; belt may slip,4,7,4,112,CurrentL2 + CurrentL3 + ActivePowerTotal,"Current L2 or L3 increases 20-50% above baseline; TotalPower rises proportionally",Place extra measured weight (books/sandbags) on a conveyor pallet,Continuous current monitoring with overcurrent alarm per phase,Inspect and re-tension belt; check and grease bearings; reduce pallet load
FM-05,Idle / No-Load Run (Missing Pallet),Pallet Detection Sensor / Conveyor Feed,Sensor not detecting pallet; upstream station did not release pallet,Station cycles without workpiece; no value-added work; OEE Availability loss,5,4,2,40,ActivePowerTotal + Flow,"TotalPower drops to ~30% of normal; Flow drops sharply; cycle still completes",Remove pallet from conveyor and let station execute an empty cycle,Cycle-completion verification; part-present sensor cross-check in MES4,Investigate pallet feed mechanism; verify detection sensor alignment and calibration
FM-06,Conveyor Speed Reduction (Drive Slip),Conveyor Belt Drive,Belt tension loss / worn drive roller / undersized motor,Longer transport time between stations; throughput drops; OEE Performance loss,4,4,5,80,ActivePowerTotal + cycle_time,"TotalPower slightly lower; cycle time measurably longer; current slightly lower",Reduce conveyor speed via MES4 parameter or hardware speed potentiometer,Cycle-time watchdog in MES4; periodic belt tension inspection,Re-tension or replace belt; adjust drive roller; check motor coupling
FM-07,Phase Imbalance (Single-Phase Load Drop),Three-Phase Power Supply / Wiring,Loose terminal connection or blown fuse on one phase,Unbalanced load stresses motor windings; reduced torque; risk of motor damage over time,2,6,6,72,ActivePowerL1 + ActivePowerL2 + ActivePowerL3,"One phase Active Power drops significantly while others remain near normal; PowerFactor shifts on that phase",Disable one sub-station in MES4 that primarily loads one phase,Continuous per-phase power monitoring; power imbalance ratio alarm,Inspect and tighten all terminal connections on affected phase; check fuses
FM-08,Sensor Obstruction (RASS Sensor Contamination),RASS Ultrasonic Proximity Sensor,Dust / oil / physical object on sensor lens,Missed detection events; station enters retry loop; false-positive or false-negative readings,3,5,6,90,ActivePowerTotal + cycle_time,"Station enters retry/search loop; power consumption pattern shows repeated short actuations; cycle time increases irregularly",Place tape or a small cardboard piece partially over the RASS sensor detection face,Cycle-count anomaly detection in MES4; periodic sensor lens cleaning schedule,Clean sensor lens; increase cleaning frequency; add protective cover if environment is dusty
FM-09,Intermittent Supply Interruption (Power Brownout),Main Pneumatic Supply / Power Supply Relay,Unstable supply / relay contact bouncing / loose main terminal,Random brief stoppages; upstream starvation; increased short-stop count in OEE,2,7,3,42,Pressure + Flow + ActivePowerTotal,"Pressure and Flow spike to 0 for 2-3 seconds then recover; Power dips in sync; creates sawtooth pattern in time series",Briefly toggle the main air supply valve on/off 3-4 times during a recording session,Event-driven alerting in MES4 on pressure drops below threshold; MTBF tracking for short stops,Inspect main supply valve; check relay contacts; tighten main terminal connections
FM-10,Over-Pressure (Regulator Fault),Pneumatic Pressure Regulator,Regulator stuck open / set too high; upstream pressure increase,Faster actuator movements; risk of seal damage over time; higher air consumption and cost,2,5,5,50,Pressure + Flow,"Pressure reads 7.5-8.0 bar (vs nominal 6.9); Flow increases; actuator cycle completes faster",Turn pressure regulator up to ~8.0 bar (within safe operating range for CP Factory),Continuous pressure monitoring with high-pressure threshold alarm; regulator annual calibration check,Recalibrate or replace pressure regulator; reduce supply pressure to nominal
FM-01-LOW01,Mild Pressure Drop (~6.5 bar),Pneumatic Supply Line / FRL Regulator,Early-stage seal wear; minor fitting leak beginning,Slight actuator slowdown; cycle time marginally increased; no immediate risk,2,3,6,36,Pressure + Flow,"Pressure ~6.5 bar (vs nominal ~7.4); Flow slightly higher; cycle times barely affected",Turn FRL pressure regulator down to ~6.5 bar on Mpress station,Continuous pressure monitoring with trend analysis for gradual degradation,Schedule FRL regulator inspection; monitor seal condition
FM-01-LOW02,Moderate Pressure Drop (~5.5 bar),Pneumatic Supply Line / FRL Regulator,Progressive seal degradation; moderate fitting leak,Actuators noticeably slower; occasional cycle delays; throughput reduced,3,5,4,60,Pressure + Flow + ActivePowerTotal,"Pressure ~5.5 bar; Flow pattern changes; Power shows longer actuator cycles",Turn FRL pressure regulator down to ~5.5 bar on Mpress station,Continuous pressure monitoring with low-pressure alarm threshold at 6.0 bar,Inspect and replace push-in fittings and seals; recalibrate FRL regulator
